date,symbol,open,close,volume
2022-01-03,AAPL,181.87,236.83,24555
2022-01-04,AAPL,336.45,423.99,93152
2022-01-05,AAPL,174.45,195.32,20333
2022-01-06,AAPL,232.63,189.75,5261
2022-01-07,AAPL,442.01,301.8,70002
2022-01-10,AAPL,182.83,204.34,47553
2022-01-11,AAPL,128.46,103.63,4088
2022-01-12,AAPL,127.6,359.32,46783
2022-01-13,AAPL,476.31,304.44,2115
2022-01-14,AAPL,302.77,278.21,71114
2022-01-17,AAPL,263.76,486.79,69126
2022-01-18,AAPL,424.35,328.48,73908
2022-01-19,AAPL,434.33,445.37,70109
2022-01-20,AAPL,232.88,155.78,3978
2022-01-21,AAPL,377.45,327.68,10422
2022-01-24,AAPL,408.45,447.19,44626
2022-01-25,AAPL,361.86,333.24,90233
2022-01-26,AAPL,160.64,387.21,57174
2022-01-27,AAPL,450.35,248.82,97356
2022-01-28,AAPL,315.64,136.98,38743
2022-01-31,AAPL,212.99,283.16,71461
2022-02-01,AAPL,270.09,257.79,58199
2022-02-02,AAPL,115.03,446.82,30430
2022-02-03,AAPL,151.15,197.6,29834
2022-02-04,AAPL,406.22,486.69,25435
2022-02-07,AAPL,100.0,483.26,88212
2022-02-08,AAPL,266.63,199.05,56797
2022-02-09,AAPL,309.0,239.22,44554
2022-02-10,AAPL,121.85,458.22,55555
2022-02-11,AAPL,489.23,486.65,86350
2022-02-14,AAPL,190.45,277.38,15716
2022-02-15,AAPL,221.68,228.4,61261
2022-02-16,AAPL,221.58,310.44,28528
2022-02-17,AAPL,192.17,375.11,2995
2022-02-18,AAPL,100.59,209.39,23414
2022-02-21,AAPL,391.74,394.59,14844
2022-02-22,AAPL,486.74,120.66,37659
2022-02-23,AAPL,189.72,119.72,16522
2022-02-24,AAPL,365.22,254.52,75034
2022-02-25,AAPL,396.76,241.39,43322
2022-02-28,AAPL,439.37,226.25,68638
2022-03-01,AAPL,269.05,296.41,9524
2022-03-02,AAPL,221.17,228.29,31846
2022-03-03,AAPL,230.12,176.9,74643
2022-03-04,AAPL,385.05,223.79,61096
2022-03-07,AAPL,426.71,489.96,84804
2022-03-08,AAPL,172.65,264.45,48703
2022-03-09,AAPL,248.38,277.89,25399
2022-03-10,AAPL,460.78,330.62,76160
2022-03-11,AAPL,422.68,493.34,93662
2022-03-14,AAPL,493.94,196.64,89667
2022-03-15,AAPL,401.7,372.51,49591
2022-03-16,AAPL,257.28,386.39,21714
2022-03-17,AAPL,336.26,342.93,36877
2022-03-18,AAPL,364.41,135.43,85106
2022-03-21,AAPL,131.38,370.75,79018
2022-03-22,AAPL,317.8,125.64,60136
2022-03-23,AAPL,383.73,338.46,34414
2022-03-24,AAPL,166.93,395.83,87576
2022-03-25,AAPL,412.25,184.39,79943
2022-03-28,AAPL,333.51,436.65,46468
2022-03-29,AAPL,480.89,112.14,99841
2022-03-30,AAPL,116.97,437.53,80702
2022-03-31,AAPL,206.13,284.13,73108
2022-04-01,AAPL,340.62,187.04,99538
2022-04-04,AAPL,218.62,153.51,93508
2022-04-05,AAPL,385.77,481.32,47835
2022-04-06,AAPL,403.6,129.07,64333
2022-04-07,AAPL,141.01,179.64,43464
2022-04-08,AAPL,305.54,239.13,23923
2022-04-11,AAPL,303.56,348.09,62855
2022-04-12,AAPL,247.71,317.92,68445
2022-04-13,AAPL,473.17,150.26,99384
2022-04-14,AAPL,431.0,215.89,68619
2022-04-15,AAPL,378.88,195.5,47146
2022-04-18,AAPL,385.73,185.42,61032
2022-04-19,AAPL,284.69,264.46,18140
2022-04-20,AAPL,468.4,381.61,3670
2022-04-21,AAPL,377.84,186.98,37519
2022-04-22,AAPL,391.59,246.67,45512
2022-04-25,AAPL,444.68,256.37,58811
2022-04-26,AAPL,209.63,490.58,15691
2022-04-27,AAPL,422.83,481.87,35262
2022-04-28,AAPL,178.1,420.06,55892
2022-04-29,AAPL,238.14,196.66,26595
2022-05-02,AAPL,234.24,127.21,58207
2022-05-03,AAPL,491.41,226.76,34440
2022-05-04,AAPL,442.61,206.72,9630
2022-05-05,AAPL,380.47,302.37,32250
2022-05-06,AAPL,390.82,411.09,95334
2022-05-09,AAPL,324.83,443.33,99748
2022-05-10,AAPL,478.84,437.95,78518
2022-05-11,AAPL,298.5,243.87,75191
2022-05-12,AAPL,252.21,374.89,65791
2022-05-13,AAPL,165.21,225.13,85118
2022-05-16,AAPL,414.48,124.36,64753
2022-05-17,AAPL,393.78,380.63,61520
2022-05-18,AAPL,253.74,103.93,5008
2022-05-19,AAPL,110.08,263.67,45464
2022-05-20,AAPL,435.6,231.75,1496
2022-05-23,AAPL,104.57,377.35,24212
2022-05-24,AAPL,381.48,406.5,21637
2022-05-25,AAPL,488.1,221.64,46227
2022-05-26,AAPL,275.06,424.65,83413
2022-05-27,AAPL,193.99,217.57,84346
2022-05-30,AAPL,381.95,278.53,10884
2022-05-31,AAPL,426.85,390.81,69259
2022-06-01,AAPL,318.57,377.17,50810
2022-06-02,AAPL,486.81,494.95,5761
2022-06-03,AAPL,120.67,190.06,74166
2022-06-06,AAPL,301.92,364.93,17375
2022-06-07,AAPL,387.38,343.87,26218
2022-06-08,AAPL,445.06,466.04,31565
2022-06-09,AAPL,171.7,162.54,33975
2022-06-10,AAPL,420.0,400.72,28073
2022-06-13,AAPL,321.08,327.31,70726
2022-06-14,AAPL,258.62,209.87,2883
2022-06-15,AAPL,152.69,289.77,69422
2022-06-16,AAPL,446.12,233.51,50629
2022-06-17,AAPL,162.91,331.73,65170
2022-06-20,AAPL,223.92,455.6,75489
2022-06-21,AAPL,216.02,327.72,9381
2022-06-22,AAPL,448.57,352.69,24238
2022-06-23,AAPL,369.08,307.5,14795
2022-06-24,AAPL,418.67,120.47,96964
2022-06-27,AAPL,200.19,193.14,63999
2022-06-28,AAPL,349.95,296.8,50907
2022-06-29,AAPL,328.7,224.09,10638
2022-06-30,AAPL,433.13,172.71,71467
2022-07-01,AAPL,462.43,301.65,43623
2022-07-04,AAPL,104.86,229.12,39492
2022-07-05,AAPL,369.61,203.24,27411
2022-07-06,AAPL,120.73,285.59,21534
2022-07-07,AAPL,319.54,153.31,30181
2022-07-08,AAPL,215.05,471.1,20996
2022-07-11,AAPL,222.71,447.08,73089
2022-07-12,AAPL,241.18,383.05,84609
2022-07-13,AAPL,348.52,142.49,73666
2022-07-14,AAPL,233.62,410.35,30405
2022-07-15,AAPL,393.08,423.18,72325
2022-07-18,AAPL,261.81,407.11,29930
2022-07-19,AAPL,127.34,145.59,18529
2022-07-20,AAPL,413.5,357.56,54546
2022-07-21,AAPL,214.3,433.73,8942
2022-07-22,AAPL,273.11,330.94,8548
2022-07-25,AAPL,374.18,358.56,19296
2022-07-26,AAPL,232.98,283.35,52016
2022-07-27,AAPL,122.63,311.48,98780
2022-07-28,AAPL,249.57,113.75,1296
2022-07-29,AAPL,477.78,355.59,68945
2022-08-01,AAPL,356.69,132.58,60980
2022-08-02,AAPL,368.59,274.01,57782
2022-08-03,AAPL,352.91,217.06,35229
2022-08-04,AAPL,179.6,318.17,97382
2022-08-05,AAPL,267.33,153.37,54444
2022-08-08,AAPL,400.38,376.66,36036
2022-08-09,AAPL,140.55,418.0,40322
2022-08-10,AAPL,211.14,165.34,28167
2022-08-11,AAPL,210.53,141.73,52667
2022-08-12,AAPL,272.81,158.21,95527
2022-08-15,AAPL,492.15,450.85,84337
2022-08-16,AAPL,127.0,311.28,52468
2022-08-17,AAPL,307.48,286.9,73894
2022-08-18,AAPL,171.75,142.68,54084
2022-08-19,AAPL,488.27,359.82,64138
2022-08-22,AAPL,145.32,447.2,23588
2022-08-23,AAPL,261.44,431.27,63901
2022-08-24,AAPL,395.15,350.42,18671
2022-08-25,AAPL,381.82,130.11,84038
2022-08-26,AAPL,269.09,144.96,91664
2022-08-29,AAPL,238.61,119.72,32645
2022-08-30,AAPL,259.04,202.99,8637
2022-08-31,AAPL,205.71,154.26,1660
2022-09-01,AAPL,182.13,204.02,7922
2022-09-02,AAPL,293.22,254.02,94697
2022-09-05,AAPL,207.41,477.19,45721
2022-09-06,AAPL,214.98,344.15,58256
2022-09-07,AAPL,362.7,433.99,70506
2022-09-08,AAPL,487.41,384.14,69943
2022-09-09,AAPL,341.45,145.0,28843
2022-09-12,AAPL,130.79,394.37,10046
2022-09-13,AAPL,130.23,210.04,90336
2022-09-14,AAPL,480.57,355.64,64985
2022-09-15,AAPL,218.92,236.38,81083
2022-09-16,AAPL,136.83,499.07,97925
2022-09-19,AAPL,339.62,205.42,31346
2022-09-20,AAPL,349.46,211.65,89284
2022-09-21,AAPL,359.4,472.27,92384
2022-09-22,AAPL,206.96,109.86,54526
2022-09-23,AAPL,106.04,378.68,74143
2022-09-26,AAPL,486.01,390.13,37787
2022-09-27,AAPL,200.36,434.55,34583
2022-09-28,AAPL,370.41,489.78,13563
2022-09-29,AAPL,382.65,490.24,47060
2022-09-30,AAPL,344.0,126.11,34690
2022-10-03,AAPL,225.16,428.74,95712
2022-10-04,AAPL,208.44,358.52,15925
2022-10-05,AAPL,339.07,358.94,87787
2022-10-06,AAPL,446.44,151.34,84184
2022-10-07,AAPL,478.69,360.07,21108
2022-10-10,AAPL,142.36,492.99,77515
2022-10-11,AAPL,161.93,464.73,69258
2022-10-12,AAPL,477.89,275.65,6355
2022-10-13,AAPL,394.61,115.98,47069
2022-10-14,AAPL,453.2,244.92,95335
2022-10-17,AAPL,181.05,430.56,55471
2022-10-18,AAPL,335.03,380.6,33705
2022-10-19,AAPL,380.46,283.74,44909
2022-10-20,AAPL,372.04,122.04,89606
2022-10-21,AAPL,263.26,270.76,54739
2022-10-24,AAPL,106.16,287.61,77820
2022-10-25,AAPL,333.17,471.42,88273
2022-10-26,AAPL,201.24,356.43,24241
2022-10-27,AAPL,280.1,224.66,28414
2022-10-28,AAPL,483.03,310.13,51818
2022-10-31,AAPL,259.61,126.42,21895
2022-11-01,AAPL,435.92,489.03,93307
2022-11-02,AAPL,175.42,244.02,63409
2022-11-03,AAPL,368.98,291.15,56324
2022-11-04,AAPL,490.8,242.11,67920
2022-11-07,AAPL,140.76,373.0,54555
2022-11-08,AAPL,103.33,364.89,66453
2022-11-09,AAPL,273.43,386.13,23689
2022-11-10,AAPL,137.05,207.26,65356
2022-11-11,AAPL,399.35,226.27,94011
2022-11-14,AAPL,465.82,150.1,9252
2022-11-15,AAPL,273.61,362.2,31844
2022-11-16,AAPL,203.48,115.92,96687
2022-11-17,AAPL,273.76,339.07,24365
2022-11-18,AAPL,389.38,447.88,7026
2022-11-21,AAPL,103.62,456.33,99303
2022-11-22,AAPL,335.78,279.62,29523
2022-11-23,AAPL,345.32,283.72,11482
2022-11-24,AAPL,355.08,130.79,49888
2022-11-25,AAPL,196.81,368.31,51110
2022-11-28,AAPL,385.62,428.5,91644
2022-11-29,AAPL,136.56,197.86,1493
2022-11-30,AAPL,179.71,268.52,57194
2022-12-01,AAPL,450.99,435.54,83001
2022-12-02,AAPL,395.49,450.85,40767
2022-12-05,AAPL,105.5,197.27,30550
2022-12-06,AAPL,199.35,320.23,14833
2022-12-07,AAPL,185.76,177.0,3970
2022-12-08,AAPL,208.32,140.75,99315
2022-12-09,AAPL,199.02,464.45,96494
2022-12-12,AAPL,125.01,428.2,83681
2022-12-13,AAPL,283.58,404.01,50177
2022-12-14,AAPL,393.09,119.51,68342
2022-12-15,AAPL,342.69,437.49,72200
2022-12-16,AAPL,369.15,275.22,62501
2022-12-19,AAPL,132.46,236.96,29900
2022-12-20,AAPL,480.6,318.59,15126
2022-12-21,AAPL,435.4,136.54,71690
2022-12-22,AAPL,422.04,402.66,88744
2022-12-23,AAPL,429.19,332.97,80303
2022-12-26,AAPL,473.08,174.64,86579
2022-12-27,AAPL,317.7,175.29,48994
2022-12-28,AAPL,180.11,173.7,68061
2022-12-29,AAPL,346.71,122.8,17978
2022-12-30,AAPL,397.15,335.12,57344
2023-01-02,AAPL,395.17,436.14,47648
2023-01-03,AAPL,308.58,107.0,2055
2023-01-04,AAPL,127.38,119.6,76582
2023-01-05,AAPL,248.45,329.11,82214
2023-01-06,AAPL,468.31,427.8,45876
2023-01-09,AAPL,333.78,230.7,93160
2023-01-10,AAPL,315.33,239.85,39725
2023-01-11,AAPL,207.54,338.54,6255
2023-01-12,AAPL,247.38,209.69,75947
2023-01-13,AAPL,458.14,110.64,54380
2023-01-16,AAPL,366.59,394.09,54333
2023-01-17,AAPL,414.95,350.26,43459
2023-01-18,AAPL,281.74,332.3,37163
2023-01-19,AAPL,352.1,396.67,34971
2023-01-20,AAPL,199.35,370.09,97771
2023-01-23,AAPL,382.18,182.35,66149
2023-01-24,AAPL,271.04,240.99,85730
2023-01-25,AAPL,277.02,150.44,20476
2023-01-26,AAPL,359.73,151.94,69580
2023-01-27,AAPL,474.51,370.48,87593
2023-01-30,AAPL,125.6,443.44,70050
2023-01-31,AAPL,429.9,485.09,76526
2023-02-01,AAPL,216.95,351.34,8507
2023-02-02,AAPL,277.57,173.64,71393
2023-02-03,AAPL,108.77,142.26,13118
2023-02-06,AAPL,220.42,425.14,51529
2023-02-07,AAPL,301.05,331.5,69682
2023-02-08,AAPL,122.47,347.31,92937
2023-02-09,AAPL,296.44,412.58,55176
2023-02-10,AAPL,470.84,381.31,92713
2023-02-13,AAPL,142.16,433.78,5414
2023-02-14,AAPL,405.78,122.49,84030
2023-02-15,AAPL,263.87,399.01,86973
2023-02-16,AAPL,362.07,440.34,63137
2023-02-17,AAPL,204.09,214.45,4937
2023-02-20,AAPL,163.8,356.18,37731
2023-02-21,AAPL,164.19,225.66,87862
2023-02-22,AAPL,128.2,483.19,39665
2023-02-23,AAPL,174.26,113.37,75510
2023-02-24,AAPL,365.69,331.92,18500
2023-02-27,AAPL,452.68,166.6,2750
2023-02-28,AAPL,425.65,384.89,66018
2023-03-01,AAPL,374.05,170.36,5027
2023-03-02,AAPL,144.17,194.15,6745
2023-03-03,AAPL,215.67,297.75,62731
2023-03-06,AAPL,223.92,465.93,87984
2023-03-07,AAPL,199.98,184.69,29451
2023-03-08,AAPL,306.0,157.7,94743
2023-03-09,AAPL,314.22,403.59,72474
2023-03-10,AAPL,242.75,300.25,62536
2023-03-13,AAPL,241.52,464.71,13150
2023-03-14,AAPL,431.42,158.65,14406
2023-03-15,AAPL,415.72,358.37,20781
2023-03-16,AAPL,223.12,193.15,58417
2023-03-17,AAPL,465.52,162.7,19325
2023-03-20,AAPL,481.13,373.37,69684
2023-03-21,AAPL,230.7,337.47,95415
2023-03-22,AAPL,241.77,401.93,74469
2023-03-23,AAPL,302.25,223.79,10436
2023-03-24,AAPL,476.45,279.19,18669
2023-03-27,AAPL,450.53,262.19,73010
2023-03-28,AAPL,141.03,493.64,77764
2023-03-29,AAPL,257.09,216.9,2843
2023-03-30,AAPL,321.35,217.93,66609
2023-03-31,AAPL,301.25,241.82,51812
2023-04-03,AAPL,177.55,325.84,17059
2023-04-04,AAPL,443.53,200.93,87269
2023-04-05,AAPL,370.78,466.12,41768
2023-04-06,AAPL,435.16,206.27,26395
2023-04-07,AAPL,443.51,458.33,21202
2023-04-10,AAPL,399.34,141.39,14273
2023-04-11,AAPL,275.68,362.63,49889
2023-04-12,AAPL,344.22,462.79,99635
2023-04-13,AAPL,164.15,167.5,74048
2023-04-14,AAPL,369.46,487.33,94767
2023-04-17,AAPL,171.7,281.15,89810
2023-04-18,AAPL,377.58,478.29,46510
2023-04-19,AAPL,191.84,370.73,88945
2023-04-20,AAPL,147.02,220.63,71649
2023-04-21,AAPL,166.11,175.32,3881
2023-04-24,AAPL,100.8,221.49,46913
2023-04-25,AAPL,387.5,137.21,85785
2023-04-26,AAPL,392.96,157.55,66037
2023-04-27,AAPL,305.97,141.86,63457
2023-04-28,AAPL,164.55,269.18,36343
2023-05-01,AAPL,133.42,418.23,63389
2023-05-02,AAPL,107.65,156.55,79250
2023-05-03,AAPL,166.3,152.13,9656
2023-05-04,AAPL,456.34,357.37,6741
2023-05-05,AAPL,196.61,178.87,17661
2023-05-08,AAPL,241.71,139.04,98091
2023-05-09,AAPL,142.14,166.74,29690
2023-05-10,AAPL,188.94,469.49,33833
2023-05-11,AAPL,307.69,428.59,72240
2023-05-12,AAPL,343.1,241.63,78711
2023-05-15,AAPL,198.14,362.33,58141
2023-05-16,AAPL,123.09,314.91,79232
2023-05-17,AAPL,256.41,370.85,40023
2023-05-18,AAPL,193.68,373.07,41209
2023-05-19,AAPL,187.82,351.49,94590
2023-05-22,AAPL,483.95,206.44,87612
2023-05-23,AAPL,346.52,115.6,81522
2023-05-24,AAPL,322.75,282.23,15440
2023-05-25,AAPL,266.31,456.39,8960
2023-05-26,AAPL,271.58,327.8,23462
2023-05-29,AAPL,316.36,432.96,18821
2023-05-30,AAPL,378.57,496.65,58772
2023-05-31,AAPL,380.86,165.45,28258
2023-06-01,AAPL,168.68,376.71,93889
2023-06-02,AAPL,300.05,369.72,89952
2023-06-05,AAPL,264.78,491.98,63524
2023-06-06,AAPL,448.21,494.24,23115
2023-06-07,AAPL,352.57,374.67,47433
2023-06-08,AAPL,313.0,197.45,91504
2023-06-09,AAPL,146.16,419.42,89267
2023-06-12,AAPL,342.26,142.81,89321
2023-06-13,AAPL,146.88,412.28,80364
2023-06-14,AAPL,234.88,464.08,71077
2023-06-15,AAPL,157.14,253.13,41644
2023-06-16,AAPL,376.83,352.25,63643
2023-06-19,AAPL,182.5,272.06,14311
2023-06-20,AAPL,256.74,275.11,31531
2023-06-21,AAPL,458.27,224.15,15588
2023-06-22,AAPL,181.73,404.85,50416
2023-06-23,AAPL,303.12,474.47,13380
2023-06-26,AAPL,267.71,476.3,43645
2023-06-27,AAPL,107.25,169.91,18818
2023-06-28,AAPL,417.1,449.9,31857
2023-06-29,AAPL,127.62,394.97,22711
2023-06-30,AAPL,289.7,201.13,6097
2023-07-03,AAPL,324.27,126.91,29393
2023-07-04,AAPL,351.37,207.2,23076
2023-07-05,AAPL,375.45,464.88,85274
2023-07-06,AAPL,201.31,353.27,58609
2023-07-07,AAPL,103.99,388.42,30317
2023-07-10,AAPL,389.38,202.86,59480
2023-07-11,AAPL,314.26,387.76,8044
2023-07-12,AAPL,434.45,111.25,72033
2023-07-13,AAPL,428.56,250.13,56486
2023-07-14,AAPL,437.33,350.7,56162
2023-07-17,AAPL,294.04,158.44,80287
2023-07-18,AAPL,233.45,429.2,30882
2023-07-19,AAPL,416.62,194.01,55078
2023-07-20,AAPL,280.52,360.91,59734
2023-07-21,AAPL,173.38,262.08,44826
2023-07-24,AAPL,441.99,338.42,88985
2023-07-25,AAPL,453.02,142.98,45028
2023-07-26,AAPL,286.52,106.77,52331
2023-07-27,AAPL,130.28,463.83,99938
2023-07-28,AAPL,255.13,207.85,33543
2023-07-31,AAPL,421.42,427.87,30362
2023-08-01,AAPL,460.71,499.74,28315
2023-08-02,AAPL,181.39,184.57,28746
2023-08-03,AAPL,126.79,206.07,11057
2023-08-04,AAPL,450.94,365.14,43915
2023-08-07,AAPL,255.76,486.18,22061
2023-08-08,AAPL,316.7,466.33,52370
2023-08-09,AAPL,487.23,301.15,35157
2023-08-10,AAPL,126.63,418.04,12322
2023-08-11,AAPL,359.33,154.3,70812
2023-08-14,AAPL,129.64,490.98,78842
2023-08-15,AAPL,250.19,485.74,35017
2023-08-16,AAPL,421.53,165.49,57792
2023-08-17,AAPL,273.39,219.77,28742
2023-08-18,AAPL,498.87,140.06,98136
2023-08-21,AAPL,323.62,208.69,65808
2023-08-22,AAPL,228.46,426.38,18629
2023-08-23,AAPL,188.04,251.33,9245
2023-08-24,AAPL,240.21,135.36,97950
2023-08-25,AAPL,249.01,236.89,44870
2023-08-28,AAPL,127.49,492.55,96634
2023-08-29,AAPL,247.83,351.87,65829
2023-08-30,AAPL,285.7,266.46,11588
2023-08-31,AAPL,389.1,166.62,1442
2023-09-01,AAPL,362.69,494.47,78339
2023-09-04,AAPL,383.51,428.34,41721
2023-09-05,AAPL,103.35,212.59,38145
2023-09-06,AAPL,187.07,128.03,11599
2023-09-07,AAPL,364.67,122.65,73594
2023-09-08,AAPL,293.6,148.15,83742
2023-09-11,AAPL,102.13,332.31,78430
2023-09-12,AAPL,421.8,471.51,3939
2023-09-13,AAPL,409.12,298.7,23149
2023-09-14,AAPL,319.37,437.18,67567
2023-09-15,AAPL,126.59,278.35,11208
2023-09-18,AAPL,406.61,383.43,67098
2023-09-19,AAPL,333.49,392.75,50492
2023-09-20,AAPL,412.78,169.59,21951
2023-09-21,AAPL,400.7,244.49,49920
2023-09-22,AAPL,421.2,354.92,47766
2023-09-25,AAPL,307.2,128.28,58014
2023-09-26,AAPL,156.13,244.62,29351
2023-09-27,AAPL,368.46,313.92,85216
2023-09-28,AAPL,348.19,498.49,50386
2023-09-29,AAPL,396.9,289.81,88122
2023-10-02,AAPL,167.95,426.42,10308
2023-10-03,AAPL,177.99,272.83,60252
2023-10-04,AAPL,456.16,418.56,76145
2023-10-05,AAPL,399.99,338.17,96031
2023-10-06,AAPL,463.29,454.64,84211
2023-10-09,AAPL,403.49,264.38,29064
2023-10-10,AAPL,338.86,341.72,54879
2023-10-11,AAPL,361.65,352.01,9720
2023-10-12,AAPL,455.65,266.95,43940
2023-10-13,AAPL,331.52,157.72,80993
2023-10-16,AAPL,352.96,137.42,69475
2023-10-17,AAPL,162.59,106.67,48113
2023-10-18,AAPL,289.57,449.41,49926
2023-10-19,AAPL,386.56,194.59,39203
2023-10-20,AAPL,208.38,184.6,89901
2023-10-23,AAPL,180.9,394.41,6392
2023-10-24,AAPL,225.53,228.01,26905
2023-10-25,AAPL,196.6,302.42,74508
2023-10-26,AAPL,185.97,165.0,51385
2023-10-27,AAPL,269.94,483.9,31653
2023-10-30,AAPL,463.14,440.63,92865
2023-10-31,AAPL,302.82,445.52,85720
2023-11-01,AAPL,175.17,262.71,15799
2023-11-02,AAPL,130.79,404.94,61103
2023-11-03,AAPL,378.46,157.55,16052
2023-11-06,AAPL,253.12,103.45,7044
2023-11-07,AAPL,428.73,107.99,20871
2023-11-08,AAPL,363.8,334.64,90303
2023-11-09,AAPL,418.5,282.16,21234
2023-11-10,AAPL,208.78,307.21,22381
2023-11-13,AAPL,376.94,102.99,18274
2023-11-14,AAPL,205.62,269.07,88840
2023-11-15,AAPL,475.63,387.23,84108
2023-11-16,AAPL,354.55,277.08,50892
2023-11-17,AAPL,229.8,392.89,51521
2023-11-20,AAPL,207.8,193.21,92501
2023-11-21,AAPL,176.37,425.26,84920
2023-11-22,AAPL,377.86,335.37,84391
2023-11-23,AAPL,187.49,184.31,18920
2023-11-24,AAPL,338.12,194.69,17702
2023-11-27,AAPL,205.85,351.21,2894
2023-11-28,AAPL,364.79,431.98,31985
2023-11-29,AAPL,425.98,266.25,29287
2023-11-30,AAPL,411.21,203.32,74527
2023-12-01,AAPL,404.34,446.8,16439
2022-01-03,GOOG,175.09,367.71,95620
2022-01-04,GOOG,135.35,279.23,43235
2022-01-05,GOOG,379.58,295.16,28659
2022-01-06,GOOG,247.34,181.7,25976
2022-01-07,GOOG,272.94,350.72,83643
2022-01-10,GOOG,112.46,243.5,68865
2022-01-11,GOOG,203.83,498.26,69306
2022-01-12,GOOG,113.47,292.07,57697
2022-01-13,GOOG,451.67,294.35,71382
2022-01-14,GOOG,197.36,326.34,17651
2022-01-17,GOOG,322.93,466.7,50044
2022-01-18,GOOG,115.59,420.33,15633
2022-01-19,GOOG,366.74,280.45,80164
2022-01-20,GOOG,229.21,387.48,1569
2022-01-21,GOOG,459.17,334.49,60900
2022-01-24,GOOG,455.25,296.95,68509
2022-01-25,GOOG,230.12,176.93,34038
2022-01-26,GOOG,460.38,285.57,50088
2022-01-27,GOOG,498.46,198.33,74177
2022-01-28,GOOG,430.17,465.94,75466
2022-01-31,GOOG,437.95,234.16,73216
2022-02-01,GOOG,199.6,480.91,67793
2022-02-02,GOOG,330.68,313.22,74786
2022-02-03,GOOG,126.9,352.62,39138
2022-02-04,GOOG,137.97,317.18,64310
2022-02-07,GOOG,499.56,151.75,29757
2022-02-08,GOOG,230.66,250.33,71394
2022-02-09,GOOG,399.27,139.66,80027
2022-02-10,GOOG,422.67,349.18,91830
2022-02-11,GOOG,443.21,278.75,57151
2022-02-14,GOOG,499.05,411.19,50272
2022-02-15,GOOG,196.6,188.19,7908
2022-02-16,GOOG,116.14,165.83,11844
2022-02-17,GOOG,264.48,262.53,52455
2022-02-18,GOOG,152.03,470.63,69447
2022-02-21,GOOG,108.97,384.17,75527
2022-02-22,GOOG,244.17,267.57,78108
2022-02-23,GOOG,413.5,306.91,44066
2022-02-24,GOOG,326.47,133.69,96229
2022-02-25,GOOG,225.11,493.83,41004
2022-02-28,GOOG,361.74,366.56,39333
2022-03-01,GOOG,192.81,214.16,84029
2022-03-02,GOOG,105.75,334.32,40697
2022-03-03,GOOG,405.74,143.79,18634
2022-03-04,GOOG,349.5,486.33,25561
2022-03-07,GOOG,404.92,169.91,19033
2022-03-08,GOOG,115.58,359.21,73887
2022-03-09,GOOG,434.85,198.18,56063
2022-03-10,GOOG,347.81,387.02,26921
2022-03-11,GOOG,325.36,410.73,20340
2022-03-14,GOOG,349.85,369.37,63781
2022-03-15,GOOG,445.77,345.8,15901
2022-03-16,GOOG,334.77,456.99,11638
2022-03-17,GOOG,332.38,131.45,39596
2022-03-18,GOOG,496.27,232.37,87914
2022-03-21,GOOG,402.69,199.31,45324
2022-03-22,GOOG,276.92,495.21,89356
2022-03-23,GOOG,382.96,255.76,91596
2022-03-24,GOOG,255.69,393.05,33642
2022-03-25,GOOG,191.55,373.89,26378
2022-03-28,GOOG,338.74,184.83,51867
2022-03-29,GOOG,471.27,195.6,74686
2022-03-30,GOOG,471.66,212.51,43875
2022-03-31,GOOG,236.76,264.45,90595
2022-04-01,GOOG,311.07,193.73,84729
2022-04-04,GOOG,184.65,107.86,65377
2022-04-05,GOOG,498.25,451.76,55691
2022-04-06,GOOG,492.45,486.24,94337
2022-04-07,GOOG,359.8,236.63,65303
2022-04-08,GOOG,421.77,235.4,61839
2022-04-11,GOOG,386.04,102.84,50063
2022-04-12,GOOG,337.26,372.1,92782
2022-04-13,GOOG,121.34,430.18,79343
2022-04-14,GOOG,281.91,158.64,84071
2022-04-15,GOOG,369.91,163.87,6492
2022-04-18,GOOG,371.01,416.03,32357
2022-04-19,GOOG,249.25,346.52,72838
2022-04-20,GOOG,476.68,117.94,33314
2022-04-21,GOOG,166.94,349.02,49697
2022-04-22,GOOG,300.14,223.57,71283
2022-04-25,GOOG,376.35,247.49,60567
2022-04-26,GOOG,378.85,407.89,48006
2022-04-27,GOOG,359.46,424.37,61011
2022-04-28,GOOG,210.12,260.14,11686
2022-04-29,GOOG,162.48,478.86,38449
2022-05-02,GOOG,354.38,262.59,62606
2022-05-03,GOOG,339.72,408.73,19891
2022-05-04,GOOG,171.74,293.55,53115
2022-05-05,GOOG,382.06,459.01,61719
2022-05-06,GOOG,282.07,463.1,96464
2022-05-09,GOOG,367.1,134.97,74030
2022-05-10,GOOG,434.95,474.6,37723
2022-05-11,GOOG,167.89,430.21,30877
2022-05-12,GOOG,107.66,416.52,94517
2022-05-13,GOOG,411.64,180.36,15026
2022-05-16,GOOG,343.88,422.05,21422
2022-05-17,GOOG,379.86,440.05,10244
2022-05-18,GOOG,435.26,215.66,34481
2022-05-19,GOOG,421.12,480.9,90180
2022-05-20,GOOG,484.37,119.94,59031
2022-05-23,GOOG,314.37,159.96,9521
2022-05-24,GOOG,295.4,315.03,2746
2022-05-25,GOOG,260.75,330.32,84127
2022-05-26,GOOG,161.48,358.06,93254
2022-05-27,GOOG,329.04,106.79,69232
2022-05-30,GOOG,210.81,484.15,13012
2022-05-31,GOOG,468.52,117.84,81224
2022-06-01,GOOG,333.28,157.22,24457
2022-06-02,GOOG,337.14,105.61,71572
2022-06-03,GOOG,241.97,326.74,30960
2022-06-06,GOOG,120.8,472.91,88695
2022-06-07,GOOG,112.7,366.38,8910
2022-06-08,GOOG,269.33,429.06,3693
2022-06-09,GOOG,133.83,105.31,16858
2022-06-10,GOOG,342.74,316.81,29810
2022-06-13,GOOG,452.39,283.83,21092
2022-06-14,GOOG,453.17,299.59,89779
2022-06-15,GOOG,363.62,128.89,49700
2022-06-16,GOOG,184.49,373.77,59105
2022-06-17,GOOG,445.2,301.29,31505
2022-06-20,GOOG,454.44,406.06,74228
2022-06-21,GOOG,178.66,294.12,29555
2022-06-22,GOOG,394.97,159.75,72934
2022-06-23,GOOG,214.61,359.3,73788
2022-06-24,GOOG,421.06,168.95,78257
2022-06-27,GOOG,498.9,448.96,18939
2022-06-28,GOOG,112.01,345.25,12825
2022-06-29,GOOG,458.95,162.88,91787
2022-06-30,GOOG,349.05,484.94,25151
2022-07-01,GOOG,489.35,307.35,1036
2022-07-04,GOOG,286.0,129.16,94948
2022-07-05,GOOG,438.96,350.73,84707
2022-07-06,GOOG,124.96,201.28,40051
2022-07-07,GOOG,234.11,421.48,99297
2022-07-08,GOOG,126.81,427.13,81738
2022-07-11,GOOG,490.14,491.58,74596
2022-07-12,GOOG,426.79,300.75,61071
2022-07-13,GOOG,441.02,281.98,74601
2022-07-14,GOOG,475.19,401.39,30873
2022-07-15,GOOG,134.04,152.99,37648
2022-07-18,GOOG,254.24,318.77,72468
2022-07-19,GOOG,128.41,318.5,27470
2022-07-20,GOOG,184.32,135.79,66129
2022-07-21,GOOG,191.75,267.19,9328
2022-07-22,GOOG,287.64,441.31,7333
2022-07-25,GOOG,207.42,442.46,47638
2022-07-26,GOOG,140.39,139.7,12268
2022-07-27,GOOG,167.0,136.29,71603
2022-07-28,GOOG,158.91,205.08,18045
2022-07-29,GOOG,489.23,449.91,41741
2022-08-01,GOOG,403.72,151.56,89306
2022-08-02,GOOG,487.1,388.0,43770
2022-08-03,GOOG,275.9,140.47,8887
2022-08-04,GOOG,211.35,349.26,99718
2022-08-05,GOOG,419.32,242.43,98906
2022-08-08,GOOG,230.5,415.57,25918
2022-08-09,GOOG,219.75,193.48,36497
2022-08-10,GOOG,193.0,355.68,94562
2022-08-11,GOOG,151.87,194.27,62009
2022-08-12,GOOG,202.59,385.46,12929
2022-08-15,GOOG,242.13,449.47,62762
2022-08-16,GOOG,369.6,150.72,80099
2022-08-17,GOOG,125.03,446.64,29546
2022-08-18,GOOG,184.2,337.43,79424
2022-08-19,GOOG,423.61,150.84,38338
2022-08-22,GOOG,158.77,271.02,35283
2022-08-23,GOOG,237.06,164.34,83494
2022-08-24,GOOG,445.86,380.14,79170
2022-08-25,GOOG,161.97,403.55,85787
2022-08-26,GOOG,133.09,142.32,47566
2022-08-29,GOOG,293.82,302.46,86464
2022-08-30,GOOG,220.97,425.85,82991
2022-08-31,GOOG,325.36,474.47,93680
2022-09-01,GOOG,421.52,305.41,29013
2022-09-02,GOOG,154.86,480.11,53132
2022-09-05,GOOG,332.28,314.28,88412
2022-09-06,GOOG,302.2,257.68,93498
2022-09-07,GOOG,157.63,439.28,29084
2022-09-08,GOOG,349.6,297.19,22143
2022-09-09,GOOG,209.46,288.76,92627
2022-09-12,GOOG,295.13,296.12,15179
2022-09-13,GOOG,132.91,438.71,99343
2022-09-14,GOOG,283.83,432.78,59726
2022-09-15,GOOG,222.59,261.41,11222
2022-09-16,GOOG,428.95,233.32,60965
2022-09-19,GOOG,122.79,296.77,65068
2022-09-20,GOOG,267.44,329.11,24949
2022-09-21,GOOG,283.37,195.33,17116
2022-09-22,GOOG,390.0,417.58,52052
2022-09-23,GOOG,329.72,294.59,52369
2022-09-26,GOOG,366.88,233.62,49817
2022-09-27,GOOG,410.82,142.73,84203
2022-09-28,GOOG,444.88,195.54,75311
2022-09-29,GOOG,225.55,479.71,30655
2022-09-30,GOOG,315.21,222.04,58802
2022-10-03,GOOG,436.04,167.54,48632
2022-10-04,GOOG,495.78,284.27,15193
2022-10-05,GOOG,455.81,222.84,81212
2022-10-06,GOOG,248.59,114.06,31776
2022-10-07,GOOG,178.07,229.26,44225
2022-10-10,GOOG,295.76,317.64,61010
2022-10-11,GOOG,396.66,320.68,83735
2022-10-12,GOOG,297.03,242.62,66451
2022-10-13,GOOG,293.27,278.92,49812
2022-10-14,GOOG,435.29,486.21,81602
2022-10-17,GOOG,244.56,250.94,19895
2022-10-18,GOOG,443.92,203.29,66782
2022-10-19,GOOG,262.72,197.39,22209
2022-10-20,GOOG,231.29,283.11,83336
2022-10-21,GOOG,281.6,403.81,62807
2022-10-24,GOOG,404.98,182.4,24086
2022-10-25,GOOG,150.4,383.72,86637
2022-10-26,GOOG,178.57,108.46,83027
2022-10-27,GOOG,480.58,267.57,28207
2022-10-28,GOOG,170.2,410.35,21897
2022-10-31,GOOG,327.09,235.49,64083
2022-11-01,GOOG,331.73,325.49,96028
2022-11-02,GOOG,295.85,181.99,67957
2022-11-03,GOOG,357.9,396.8,98551
2022-11-04,GOOG,191.93,120.91,79506
2022-11-07,GOOG,321.06,441.02,8283
2022-11-08,GOOG,248.87,179.28,95024
2022-11-09,GOOG,364.67,449.76,82481
2022-11-10,GOOG,156.49,241.01,1255
2022-11-11,GOOG,328.35,389.07,77555
2022-11-14,GOOG,174.11,227.69,16487
2022-11-15,GOOG,211.46,462.36,20346
2022-11-16,GOOG,187.48,150.65,36050
2022-11-17,GOOG,173.14,171.41,9744
2022-11-18,GOOG,430.28,297.21,25756
2022-11-21,GOOG,214.28,132.78,62596
2022-11-22,GOOG,470.85,178.39,84397
2022-11-23,GOOG,487.97,477.51,26146
2022-11-24,GOOG,328.5,490.6,56032
2022-11-25,GOOG,157.2,250.5,43687
2022-11-28,GOOG,249.82,469.31,47103
2022-11-29,GOOG,419.09,317.93,22976
2022-11-30,GOOG,246.96,207.9,63863
2022-12-01,GOOG,134.81,380.96,1591
2022-12-02,GOOG,322.71,363.56,7277
2022-12-05,GOOG,438.05,495.65,62860
2022-12-06,GOOG,418.37,206.02,3260
2022-12-07,GOOG,170.05,368.82,66883
2022-12-08,GOOG,369.11,120.81,25741
2022-12-09,GOOG,188.2,145.46,38211
2022-12-12,GOOG,187.28,101.57,42542
2022-12-13,GOOG,449.63,499.78,7869
2022-12-14,GOOG,199.87,420.91,94618
2022-12-15,GOOG,205.3,414.69,88616
2022-12-16,GOOG,100.26,303.89,65732
2022-12-19,GOOG,448.27,220.03,95515
2022-12-20,GOOG,417.04,160.51,20422
2022-12-21,GOOG,350.93,213.87,36613
2022-12-22,GOOG,400.11,250.39,58016
2022-12-23,GOOG,160.82,402.52,61110
2022-12-26,GOOG,283.33,315.86,89529
2022-12-27,GOOG,240.49,130.99,78922
2022-12-28,GOOG,137.51,107.21,35033
2022-12-29,GOOG,294.45,140.93,46213
2022-12-30,GOOG,468.3,264.2,62993
2023-01-02,GOOG,116.02,473.28,13938
2023-01-03,GOOG,216.58,354.96,77695
2023-01-04,GOOG,183.02,420.73,3274
2023-01-05,GOOG,195.26,286.55,85390
2023-01-06,GOOG,463.37,244.67,32815
2023-01-09,GOOG,287.23,143.36,77018
2023-01-10,GOOG,286.52,450.37,19961
2023-01-11,GOOG,404.23,413.26,21044
2023-01-12,GOOG,161.8,167.25,22975
2023-01-13,GOOG,294.91,304.9,15706
2023-01-16,GOOG,271.99,294.95,6974
2023-01-17,GOOG,338.76,350.04,77464
2023-01-18,GOOG,499.82,478.47,22213
2023-01-19,GOOG,407.78,331.91,2950
2023-01-20,GOOG,259.15,316.09,86013
2023-01-23,GOOG,431.02,120.13,11411
2023-01-24,GOOG,168.28,125.16,88231
2023-01-25,GOOG,112.19,174.94,47156
2023-01-26,GOOG,181.78,112.99,63744
2023-01-27,GOOG,236.16,397.34,18771
2023-01-30,GOOG,304.23,389.33,70810
2023-01-31,GOOG,346.05,154.42,36053
2023-02-01,GOOG,464.24,434.43,53076
2023-02-02,GOOG,303.94,161.91,8045
2023-02-03,GOOG,300.51,220.47,58623
2023-02-06,GOOG,120.1,199.59,30714
2023-02-07,GOOG,113.96,248.92,35386
2023-02-08,GOOG,320.46,201.87,9562
2023-02-09,GOOG,275.27,295.58,56048
2023-02-10,GOOG,435.67,262.96,94295
2023-02-13,GOOG,164.27,494.63,13026
2023-02-14,GOOG,109.99,122.37,32589
2023-02-15,GOOG,279.62,156.87,98274
2023-02-16,GOOG,194.99,121.13,27844
2023-02-17,GOOG,119.85,350.34,24447
2023-02-20,GOOG,389.84,121.8,91415
2023-02-21,GOOG,144.64,434.58,78502
2023-02-22,GOOG,343.33,304.78,84268
2023-02-23,GOOG,212.42,310.8,55708
2023-02-24,GOOG,169.4,324.64,64925
2023-02-27,GOOG,251.9,168.33,71825
2023-02-28,GOOG,420.58,179.08,52574
2023-03-01,GOOG,256.84,227.53,86548
2023-03-02,GOOG,400.31,337.4,19812
2023-03-03,GOOG,150.19,184.05,56309
2023-03-06,GOOG,409.11,146.53,65230
2023-03-07,GOOG,194.77,488.05,42628
2023-03-08,GOOG,370.96,108.79,41581
2023-03-09,GOOG,326.31,421.08,47628
2023-03-10,GOOG,471.66,415.21,89628
2023-03-13,GOOG,254.93,218.89,26105
2023-03-14,GOOG,126.47,154.25,80830
2023-03-15,GOOG,107.66,158.25,70157
2023-03-16,GOOG,430.74,378.97,33442
2023-03-17,GOOG,309.89,357.12,88235
2023-03-20,GOOG,410.1,413.1,3347
2023-03-21,GOOG,193.77,474.99,96022
2023-03-22,GOOG,238.03,376.77,48650
2023-03-23,GOOG,112.04,162.34,18110
2023-03-24,GOOG,484.6,197.38,63170
2023-03-27,GOOG,367.15,436.88,5923
2023-03-28,GOOG,473.28,183.72,52801
2023-03-29,GOOG,206.2,129.01,63771
2023-03-30,GOOG,344.59,381.31,82147
2023-03-31,GOOG,371.4,261.01,49135
2023-04-03,GOOG,227.02,468.02,20199
2023-04-04,GOOG,439.24,360.1,10066
2023-04-05,GOOG,478.86,136.17,53136
2023-04-06,GOOG,453.94,479.14,93290
2023-04-07,GOOG,395.63,203.42,37575
2023-04-10,GOOG,210.99,234.88,90796
2023-04-11,GOOG,212.65,260.9,47733
2023-04-12,GOOG,485.34,120.49,17991
2023-04-13,GOOG,104.11,298.61,23553
2023-04-14,GOOG,386.42,149.33,90710
2023-04-17,GOOG,382.5,260.39,88493
2023-04-18,GOOG,349.08,240.28,1634
2023-04-19,GOOG,496.04,409.14,96417
2023-04-20,GOOG,224.75,421.27,13771
2023-04-21,GOOG,235.99,161.37,19298
2023-04-24,GOOG,131.58,246.62,80876
2023-04-25,GOOG,277.12,249.34,99892
2023-04-26,GOOG,204.42,160.56,36999
2023-04-27,GOOG,237.35,419.38,72887
2023-04-28,GOOG,433.83,382.89,60648
2023-05-01,GOOG,474.19,176.15,63668
2023-05-02,GOOG,174.29,246.69,70374
2023-05-03,GOOG,249.0,142.32,68509
2023-05-04,GOOG,471.45,351.28,76783
2023-05-05,GOOG,124.72,148.55,45440
2023-05-08,GOOG,136.94,494.37,32655
2023-05-09,GOOG,165.12,412.27,44039
2023-05-10,GOOG,338.09,256.1,56255
2023-05-11,GOOG,160.19,331.43,73219
2023-05-12,GOOG,487.23,464.54,55989
2023-05-15,GOOG,278.69,321.64,12244
2023-05-16,GOOG,300.61,169.8,95594
2023-05-17,GOOG,198.66,251.48,59595
2023-05-18,GOOG,288.38,437.26,40551
2023-05-19,GOOG,364.77,357.69,64230
2023-05-22,GOOG,400.47,360.29,29371
2023-05-23,GOOG,401.55,446.73,70358
2023-05-24,GOOG,331.16,457.59,29878
2023-05-25,GOOG,461.74,467.92,37157
2023-05-26,GOOG,426.96,137.94,6914
2023-05-29,GOOG,402.82,317.65,84700
2023-05-30,GOOG,122.24,396.2,28180
2023-05-31,GOOG,102.75,402.77,4688
2023-06-01,GOOG,184.98,342.69,81219
2023-06-02,GOOG,365.41,166.71,79616
2023-06-05,GOOG,264.48,418.97,97489
2023-06-06,GOOG,260.96,388.04,10916
2023-06-07,GOOG,453.83,134.45,57363
2023-06-08,GOOG,458.23,285.52,96213
2023-06-09,GOOG,463.67,169.59,28360
2023-06-12,GOOG,225.55,234.99,38805
2023-06-13,GOOG,376.42,107.23,14453
2023-06-14,GOOG,208.65,260.13,23703
2023-06-15,GOOG,176.24,319.95,60021
2023-06-16,GOOG,173.85,347.83,75176
2023-06-19,GOOG,236.84,365.4,95799
2023-06-20,GOOG,271.98,434.52,99385
2023-06-21,GOOG,432.38,186.19,82614
2023-06-22,GOOG,147.96,148.19,89919
2023-06-23,GOOG,393.97,440.61,82072
2023-06-26,GOOG,312.58,162.65,8410
2023-06-27,GOOG,215.18,489.9,82462
2023-06-28,GOOG,297.13,437.02,49268
2023-06-29,GOOG,219.98,300.35,35248
2023-06-30,GOOG,338.43,492.57,32159
2023-07-03,GOOG,273.54,138.95,43039
2023-07-04,GOOG,165.76,221.23,48800
2023-07-05,GOOG,146.63,355.29,41761
2023-07-06,GOOG,318.68,240.0,95626
2023-07-07,GOOG,460.97,471.35,87103
2023-07-10,GOOG,237.58,126.25,44663
2023-07-11,GOOG,393.2,319.76,81903
2023-07-12,GOOG,363.46,336.35,41412
2023-07-13,GOOG,472.62,361.09,36367
2023-07-14,GOOG,428.39,202.27,6813
2023-07-17,GOOG,326.64,245.83,60894
2023-07-18,GOOG,362.81,437.47,52444
2023-07-19,GOOG,459.35,177.98,35269
2023-07-20,GOOG,259.81,430.75,62748
2023-07-21,GOOG,230.72,325.06,42190
2023-07-24,GOOG,104.32,404.88,41318
2023-07-25,GOOG,430.62,385.44,38018
2023-07-26,GOOG,420.39,183.0,40759
2023-07-27,GOOG,141.78,327.53,17498
2023-07-28,GOOG,330.74,447.09,26989
2023-07-31,GOOG,285.59,272.85,26568
2023-08-01,GOOG,147.48,486.64,67577
2023-08-02,GOOG,492.23,280.89,31099
2023-08-03,GOOG,185.88,157.11,90900
2023-08-04,GOOG,126.89,255.77,41639
2023-08-07,GOOG,337.94,480.68,24482
2023-08-08,GOOG,395.55,227.89,70212
2023-08-09,GOOG,112.98,447.24,56261
2023-08-10,GOOG,363.49,452.5,88317
2023-08-11,GOOG,312.92,240.07,31048
2023-08-14,GOOG,141.31,133.3,4065
2023-08-15,GOOG,169.01,389.82,3036
2023-08-16,GOOG,327.19,224.6,36814
2023-08-17,GOOG,218.54,413.17,60694
2023-08-18,GOOG,475.33,277.06,17924
2023-08-21,GOOG,427.5,294.11,61204
2023-08-22,GOOG,493.43,411.16,33844
2023-08-23,GOOG,203.87,252.95,82943
2023-08-24,GOOG,487.89,277.25,22518
2023-08-25,GOOG,272.49,250.48,18059
2023-08-28,GOOG,239.01,246.94,24052
2023-08-29,GOOG,120.14,310.38,70803
2023-08-30,GOOG,121.11,423.52,72524
2023-08-31,GOOG,376.8,244.71,94510
2023-09-01,GOOG,283.17,309.7,90572
2023-09-04,GOOG,190.61,368.29,9680
2023-09-05,GOOG,345.59,207.78,68021
2023-09-06,GOOG,201.14,211.01,81249
2023-09-07,GOOG,331.05,473.37,21043
2023-09-08,GOOG,243.68,389.41,3419
2023-09-11,GOOG,429.42,330.87,57892
2023-09-12,GOOG,428.28,359.09,18140
2023-09-13,GOOG,290.94,111.72,44484
2023-09-14,GOOG,240.33,347.24,64869
2023-09-15,GOOG,245.02,303.8,46210
2023-09-18,GOOG,422.29,318.3,58600
2023-09-19,GOOG,231.27,243.77,79497
2023-09-20,GOOG,183.62,132.59,7487
2023-09-21,GOOG,133.88,177.34,61692
2023-09-22,GOOG,286.68,480.3,63112
2023-09-25,GOOG,292.85,263.48,32110
2023-09-26,GOOG,436.36,286.67,17360
2023-09-27,GOOG,188.5,121.08,50410
2023-09-28,GOOG,252.4,115.03,91418
2023-09-29,GOOG,423.36,386.87,84038
2023-10-02,GOOG,429.45,315.24,74167
2023-10-03,GOOG,253.84,303.48,4017
2023-10-04,GOOG,283.65,197.25,87261
2023-10-05,GOOG,221.31,397.9,61124
2023-10-06,GOOG,473.02,167.29,91298
2023-10-09,GOOG,147.46,175.97,51949
2023-10-10,GOOG,473.5,284.28,59268
2023-10-11,GOOG,373.55,214.51,67320
2023-10-12,GOOG,312.63,198.99,94556
2023-10-13,GOOG,113.06,358.1,82301
2023-10-16,GOOG,290.24,360.39,32127
2023-10-17,GOOG,263.1,429.81,4196
2023-10-18,GOOG,164.49,267.08,76088
2023-10-19,GOOG,362.56,129.23,42300
2023-10-20,GOOG,488.46,209.47,50714
2023-10-23,GOOG,324.88,492.0,32921
2023-10-24,GOOG,385.9,338.5,5746
2023-10-25,GOOG,127.38,383.89,69535
2023-10-26,GOOG,267.07,102.94,66350
2023-10-27,GOOG,146.54,307.28,51345
2023-10-30,GOOG,345.12,115.01,50220
2023-10-31,GOOG,475.39,327.69,82131
2023-11-01,GOOG,364.71,468.31,23063
2023-11-02,GOOG,130.72,487.37,72736
2023-11-03,GOOG,241.87,316.22,89913
2023-11-06,GOOG,320.27,283.28,79946
2023-11-07,GOOG,261.28,478.01,46971
2023-11-08,GOOG,433.46,369.44,4598
2023-11-09,GOOG,425.87,125.96,11564
2023-11-10,GOOG,344.73,286.29,97434
2023-11-13,GOOG,249.38,196.1,50725
2023-11-14,GOOG,202.13,287.92,87134
2023-11-15,GOOG,142.35,282.19,60940
2023-11-16,GOOG,241.96,332.86,63085
2023-11-17,GOOG,265.27,242.71,18862
2023-11-20,GOOG,370.33,165.71,11265
2023-11-21,GOOG,363.26,301.49,10705
2023-11-22,GOOG,128.04,432.08,56279
2023-11-23,GOOG,258.1,365.6,63471
2023-11-24,GOOG,172.71,235.35,92080
2023-11-27,GOOG,162.73,474.21,80834
2023-11-28,GOOG,430.92,464.88,63979
2023-11-29,GOOG,116.77,183.74,56828
2023-11-30,GOOG,267.67,115.77,99206
2023-12-01,GOOG,167.28,396.52,47104
2022-01-03,AMZN,451.73,431.04,41934
2022-01-04,AMZN,322.82,487.15,7050
2022-01-05,AMZN,192.55,455.93,44952
2022-01-06,AMZN,300.97,340.21,87570
2022-01-07,AMZN,392.59,312.02,9484
2022-01-10,AMZN,483.25,111.14,63648
2022-01-11,AMZN,188.18,198.66,60945
2022-01-12,AMZN,454.47,283.85,54678
2022-01-13,AMZN,473.72,351.4,32323
2022-01-14,AMZN,466.57,322.9,87332
2022-01-17,AMZN,354.17,397.05,95605
2022-01-18,AMZN,351.93,211.91,88363
2022-01-19,AMZN,261.28,325.98,36361
2022-01-20,AMZN,400.96,135.26,11315
2022-01-21,AMZN,312.52,265.47,48968
2022-01-24,AMZN,370.98,400.06,27519
2022-01-25,AMZN,271.38,377.36,10107
2022-01-26,AMZN,392.6,496.26,56781
2022-01-27,AMZN,429.79,211.16,4869
2022-01-28,AMZN,158.57,299.28,81983
2022-01-31,AMZN,433.17,231.81,28370
2022-02-01,AMZN,316.12,276.24,63695
2022-02-02,AMZN,437.87,442.78,61422
2022-02-03,AMZN,272.52,373.68,8971
2022-02-04,AMZN,251.62,452.98,97805
2022-02-07,AMZN,466.02,181.4,26651
2022-02-08,AMZN,200.47,449.34,57974
2022-02-09,AMZN,437.68,123.9,24446
2022-02-10,AMZN,293.61,455.44,39108
2022-02-11,AMZN,305.64,231.63,76179
2022-02-14,AMZN,223.39,225.84,4823
2022-02-15,AMZN,329.22,304.84,14454
2022-02-16,AMZN,230.08,476.28,4932
2022-02-17,AMZN,115.71,119.11,11220
2022-02-18,AMZN,208.8,240.89,75090
2022-02-21,AMZN,102.55,442.63,68965
2022-02-22,AMZN,491.34,258.42,29208
2022-02-23,AMZN,486.3,179.66,73980
2022-02-24,AMZN,258.06,269.92,11510
2022-02-25,AMZN,391.35,254.22,45045
2022-02-28,AMZN,238.32,466.17,11537
2022-03-01,AMZN,368.44,404.77,73683
2022-03-02,AMZN,422.17,302.05,70134
2022-03-03,AMZN,478.7,495.35,73254
2022-03-04,AMZN,260.08,286.11,14782
2022-03-07,AMZN,413.32,123.3,66587
2022-03-08,AMZN,206.37,204.91,83238
2022-03-09,AMZN,496.13,274.43,76720
2022-03-10,AMZN,110.31,162.76,79004
2022-03-11,AMZN,341.41,479.03,23072
2022-03-14,AMZN,363.8,406.74,82015
2022-03-15,AMZN,375.22,207.31,95003
2022-03-16,AMZN,148.16,336.32,89938
2022-03-17,AMZN,475.41,388.58,73746
2022-03-18,AMZN,172.47,476.51,46702
2022-03-21,AMZN,349.1,452.65,7057
2022-03-22,AMZN,189.07,306.08,31916
2022-03-23,AMZN,222.89,409.86,28268
2022-03-24,AMZN,318.58,324.86,44978
2022-03-25,AMZN,266.88,321.08,24259
2022-03-28,AMZN,164.09,145.9,54583
2022-03-29,AMZN,168.37,150.46,80400
2022-03-30,AMZN,267.26,311.81,35293
2022-03-31,AMZN,402.91,207.54,8043
2022-04-01,AMZN,459.19,108.41,51430
2022-04-04,AMZN,133.65,389.14,39893
2022-04-05,AMZN,257.24,112.99,41642
2022-04-06,AMZN,140.1,338.11,79065
2022-04-07,AMZN,106.64,315.68,31868
2022-04-08,AMZN,364.69,487.53,27309
2022-04-11,AMZN,340.98,293.69,24284
2022-04-12,AMZN,165.21,125.44,70000
2022-04-13,AMZN,193.53,320.68,85179
2022-04-14,AMZN,109.48,436.44,63107
2022-04-15,AMZN,433.98,498.74,66049
2022-04-18,AMZN,489.88,272.14,30265
2022-04-19,AMZN,154.18,228.12,82490
2022-04-20,AMZN,192.59,462.66,24880
2022-04-21,AMZN,447.36,176.5,85579
2022-04-22,AMZN,470.59,346.17,1255
2022-04-25,AMZN,267.85,262.29,2502
2022-04-26,AMZN,120.25,116.43,71192
2022-04-27,AMZN,115.76,238.92,66424
2022-04-28,AMZN,329.58,206.09,76838
2022-04-29,AMZN,257.16,374.44,71966
2022-05-02,AMZN,111.46,479.52,42366
2022-05-03,AMZN,333.3,207.22,28425
2022-05-04,AMZN,104.52,424.59,53328
2022-05-05,AMZN,414.95,122.14,68396
2022-05-06,AMZN,222.57,315.25,72694
2022-05-09,AMZN,116.1,128.22,6806
2022-05-10,AMZN,335.34,473.61,87274
2022-05-11,AMZN,259.07,406.54,18106
2022-05-12,AMZN,489.52,363.18,57731
2022-05-13,AMZN,317.68,429.56,76010
2022-05-16,AMZN,210.1,359.01,83533
2022-05-17,AMZN,383.78,487.58,33599
2022-05-18,AMZN,208.6,385.58,72326
2022-05-19,AMZN,461.7,469.86,76706
2022-05-20,AMZN,249.89,306.85,10004
2022-05-23,AMZN,319.95,146.83,52364
2022-05-24,AMZN,120.23,311.27,26792
2022-05-25,AMZN,270.45,150.75,96752
2022-05-26,AMZN,432.95,337.0,65912
2022-05-27,AMZN,422.26,293.0,55645
2022-05-30,AMZN,189.73,349.03,8232
2022-05-31,AMZN,190.43,104.02,79210
2022-06-01,AMZN,426.92,177.94,55766
2022-06-02,AMZN,472.16,296.53,82588
2022-06-03,AMZN,138.14,480.2,49542
2022-06-06,AMZN,280.02,253.44,6913
2022-06-07,AMZN,234.98,269.75,94449
2022-06-08,AMZN,448.28,385.88,11567
2022-06-09,AMZN,133.41,341.52,39379
2022-06-10,AMZN,184.45,219.57,75968
2022-06-13,AMZN,400.99,264.33,1319
2022-06-14,AMZN,120.52,187.08,91005
2022-06-15,AMZN,297.01,486.41,93026
2022-06-16,AMZN,276.84,152.25,87120
2022-06-17,AMZN,233.76,248.73,5791
2022-06-20,AMZN,257.83,110.34,98272
2022-06-21,AMZN,311.98,188.71,1329
2022-06-22,AMZN,164.55,412.19,75387
2022-06-23,AMZN,328.8,180.47,62032
2022-06-24,AMZN,422.17,132.03,45078
2022-06-27,AMZN,404.06,289.78,89662
2022-06-28,AMZN,161.56,103.99,22300
2022-06-29,AMZN,159.7,133.91,76700
2022-06-30,AMZN,207.27,423.05,51945
2022-07-01,AMZN,244.43,408.59,56609
2022-07-04,AMZN,263.38,466.06,61562
2022-07-05,AMZN,371.88,441.81,91045
2022-07-06,AMZN,122.67,373.27,62901
2022-07-07,AMZN,113.87,120.93,6703
2022-07-08,AMZN,256.76,413.14,93645
2022-07-11,AMZN,378.87,438.2,64115
2022-07-12,AMZN,177.37,419.63,89090
2022-07-13,AMZN,356.6,303.39,28676
2022-07-14,AMZN,203.93,193.16,62710
2022-07-15,AMZN,454.43,438.13,61077
2022-07-18,AMZN,458.28,390.87,90340
2022-07-19,AMZN,218.91,492.3,46440
2022-07-20,AMZN,192.0,162.28,37923
2022-07-21,AMZN,264.52,190.27,30802
2022-07-22,AMZN,196.21,184.72,91331
2022-07-25,AMZN,368.95,417.02,63904
2022-07-26,AMZN,430.43,174.76,61162
2022-07-27,AMZN,369.24,126.66,66169
2022-07-28,AMZN,429.74,499.42,69147
2022-07-29,AMZN,258.8,109.93,23075
2022-08-01,AMZN,162.53,434.1,83015
2022-08-02,AMZN,395.18,246.15,75716
2022-08-03,AMZN,244.19,436.65,10304
2022-08-04,AMZN,368.51,321.85,60622
2022-08-05,AMZN,208.26,460.65,55215
2022-08-08,AMZN,132.49,470.48,81146
2022-08-09,AMZN,497.03,103.64,74973
2022-08-10,AMZN,162.48,130.16,13521
2022-08-11,AMZN,495.37,200.14,25028
2022-08-12,AMZN,490.91,367.73,40328
2022-08-15,AMZN,417.53,455.31,28301
2022-08-16,AMZN,363.77,283.98,39015
2022-08-17,AMZN,331.12,342.79,88276
2022-08-18,AMZN,446.44,175.4,37845
2022-08-19,AMZN,215.78,421.99,87818
2022-08-22,AMZN,287.07,486.93,77394
2022-08-23,AMZN,347.76,207.44,45159
2022-08-24,AMZN,264.48,297.93,44714
2022-08-25,AMZN,270.99,134.45,81722
2022-08-26,AMZN,232.11,323.65,97730
2022-08-29,AMZN,325.69,301.11,26230
2022-08-30,AMZN,440.23,157.77,93554
2022-08-31,AMZN,180.61,276.83,50262
2022-09-01,AMZN,473.77,233.64,91201
2022-09-02,AMZN,375.64,308.73,42722
2022-09-05,AMZN,429.31,334.26,47359
2022-09-06,AMZN,322.48,103.4,63796
2022-09-07,AMZN,411.81,404.4,41159
2022-09-08,AMZN,106.48,385.21,88052
2022-09-09,AMZN,427.35,246.51,91209
2022-09-12,AMZN,116.06,121.17,6239
2022-09-13,AMZN,455.97,401.97,92951
2022-09-14,AMZN,496.79,482.07,51886
2022-09-15,AMZN,217.63,196.06,28195
2022-09-16,AMZN,184.13,229.41,95859
2022-09-19,AMZN,406.15,173.53,97299
2022-09-20,AMZN,201.21,330.77,35674
2022-09-21,AMZN,446.22,161.94,19105
2022-09-22,AMZN,141.14,242.48,30739
2022-09-23,AMZN,150.38,378.81,32969
2022-09-26,AMZN,491.66,324.05,15497
2022-09-27,AMZN,369.54,254.59,2816
2022-09-28,AMZN,438.75,268.1,93019
2022-09-29,AMZN,229.73,324.84,60254
2022-09-30,AMZN,370.59,102.35,88695
2022-10-03,AMZN,337.7,131.4,70385
2022-10-04,AMZN,341.26,452.5,88148
2022-10-05,AMZN,373.01,131.15,34826
2022-10-06,AMZN,330.14,382.72,64365
2022-10-07,AMZN,271.62,468.02,85242
2022-10-10,AMZN,210.37,208.27,51100
2022-10-11,AMZN,407.43,248.2,91099
2022-10-12,AMZN,190.51,327.57,5359
2022-10-13,AMZN,376.94,452.68,97205
2022-10-14,AMZN,193.33,476.76,13809
2022-10-17,AMZN,350.13,395.83,65450
2022-10-18,AMZN,398.83,134.65,39428
2022-10-19,AMZN,187.49,367.66,95990
2022-10-20,AMZN,123.98,264.12,73790
2022-10-21,AMZN,152.39,288.28,91321
2022-10-24,AMZN,342.4,119.66,3093
2022-10-25,AMZN,439.78,176.42,45498
2022-10-26,AMZN,118.0,416.21,41985
2022-10-27,AMZN,393.66,281.58,33009
2022-10-28,AMZN,236.53,220.66,83094
2022-10-31,AMZN,291.41,253.61,18718
2022-11-01,AMZN,471.54,441.76,17705
2022-11-02,AMZN,232.79,399.6,88618
2022-11-03,AMZN,286.13,208.93,63598
2022-11-04,AMZN,105.47,147.0,78878
2022-11-07,AMZN,132.64,200.8,13239
2022-11-08,AMZN,203.44,468.3,47622
2022-11-09,AMZN,111.14,332.64,47665
2022-11-10,AMZN,352.55,313.39,33274
2022-11-11,AMZN,270.56,338.56,12419
2022-11-14,AMZN,319.26,246.41,16003
2022-11-15,AMZN,169.86,422.84,31866
2022-11-16,AMZN,218.37,309.31,22988
2022-11-17,AMZN,365.53,146.7,56894
2022-11-18,AMZN,486.12,151.63,91444
2022-11-21,AMZN,120.17,314.74,6674
2022-11-22,AMZN,456.15,474.63,71538
2022-11-23,AMZN,330.75,223.34,94103
2022-11-24,AMZN,325.57,447.82,67446
2022-11-25,AMZN,300.11,405.64,30072
2022-11-28,AMZN,127.76,199.12,34717
2022-11-29,AMZN,135.95,114.54,88345
2022-11-30,AMZN,340.36,140.74,27651
2022-12-01,AMZN,236.38,391.4,45291
2022-12-02,AMZN,466.91,179.87,64350
2022-12-05,AMZN,262.64,248.51,83020
2022-12-06,AMZN,157.31,300.68,5646
2022-12-07,AMZN,385.89,390.19,40713
2022-12-08,AMZN,217.34,145.29,68936
2022-12-09,AMZN,310.19,262.55,45331
2022-12-12,AMZN,379.13,294.03,23185
2022-12-13,AMZN,460.11,316.33,85263
2022-12-14,AMZN,416.88,427.34,99656
2022-12-15,AMZN,370.54,168.67,53107
2022-12-16,AMZN,371.85,423.13,67554
2022-12-19,AMZN,478.37,377.15,18563
2022-12-20,AMZN,218.33,322.35,71729
2022-12-21,AMZN,100.44,379.81,16701
2022-12-22,AMZN,208.78,264.81,70072
2022-12-23,AMZN,187.16,155.36,49217
2022-12-26,AMZN,364.73,366.31,45610
2022-12-27,AMZN,353.48,309.87,85422
2022-12-28,AMZN,337.38,355.75,51131
2022-12-29,AMZN,106.5,235.2,30410
2022-12-30,AMZN,391.51,462.75,59715
2023-01-02,AMZN,229.41,334.95,39665
2023-01-03,AMZN,366.02,134.16,16957
2023-01-04,AMZN,322.63,279.92,49127
2023-01-05,AMZN,237.09,402.54,64589
2023-01-06,AMZN,153.83,417.65,47008
2023-01-09,AMZN,137.77,297.84,62920
2023-01-10,AMZN,432.61,457.9,33875
2023-01-11,AMZN,467.36,207.07,2626
2023-01-12,AMZN,359.92,264.24,91815
2023-01-13,AMZN,141.37,459.44,64822
2023-01-16,AMZN,260.81,458.5,72765
2023-01-17,AMZN,391.58,374.29,73413
2023-01-18,AMZN,411.93,443.59,34642
2023-01-19,AMZN,147.29,135.51,39311
2023-01-20,AMZN,100.01,446.0,33356
2023-01-23,AMZN,384.85,228.25,4809
2023-01-24,AMZN,242.64,171.33,44371
2023-01-25,AMZN,201.79,195.75,35875
2023-01-26,AMZN,105.16,267.19,10465
2023-01-27,AMZN,316.12,200.48,67095
2023-01-30,AMZN,440.46,228.23,74844
2023-01-31,AMZN,483.05,153.99,66250
2023-02-01,AMZN,326.3,218.47,87889
2023-02-02,AMZN,305.78,328.91,16250
2023-02-03,AMZN,134.02,276.74,47023
2023-02-06,AMZN,319.55,238.69,47624
2023-02-07,AMZN,251.99,398.58,17427
2023-02-08,AMZN,342.85,457.4,34276
2023-02-09,AMZN,255.49,402.72,72643
2023-02-10,AMZN,196.12,232.8,80012
2023-02-13,AMZN,137.99,397.78,4439
2023-02-14,AMZN,225.97,160.79,86848
2023-02-15,AMZN,138.66,152.13,88331
2023-02-16,AMZN,170.76,238.25,79672
2023-02-17,AMZN,494.93,423.08,80703
2023-02-20,AMZN,277.64,198.54,18300
2023-02-21,AMZN,312.75,125.3,61289
2023-02-22,AMZN,449.45,152.68,18182
2023-02-23,AMZN,498.23,443.5,71507
2023-02-24,AMZN,333.09,353.51,51912
2023-02-27,AMZN,424.99,201.28,27909
2023-02-28,AMZN,230.78,322.12,20659
2023-03-01,AMZN,222.3,311.03,32403
2023-03-02,AMZN,261.08,362.17,34586
2023-03-03,AMZN,369.0,193.28,11360
2023-03-06,AMZN,372.88,445.76,22424
2023-03-07,AMZN,226.1,223.75,99035
2023-03-08,AMZN,153.28,377.65,49791
2023-03-09,AMZN,352.96,106.45,4065
2023-03-10,AMZN,151.33,249.06,69795
2023-03-13,AMZN,331.4,240.68,13300
2023-03-14,AMZN,377.37,317.39,34370
2023-03-15,AMZN,380.24,129.09,70831
2023-03-16,AMZN,401.39,416.05,28209
2023-03-17,AMZN,449.14,187.11,21927
2023-03-20,AMZN,299.98,370.82,35579
2023-03-21,AMZN,392.1,421.28,10032
2023-03-22,AMZN,347.67,324.75,94254
2023-03-23,AMZN,174.66,396.35,79413
2023-03-24,AMZN,110.28,364.74,41731
2023-03-27,AMZN,213.82,242.21,93202
2023-03-28,AMZN,277.21,423.54,54767
2023-03-29,AMZN,346.84,217.88,73302
2023-03-30,AMZN,439.98,328.49,50954
2023-03-31,AMZN,178.5,398.16,89365
2023-04-03,AMZN,150.22,251.58,86757
2023-04-04,AMZN,485.39,221.11,26102
2023-04-05,AMZN,143.22,283.74,35433
2023-04-06,AMZN,291.4,427.19,16932
2023-04-07,AMZN,334.23,471.97,26714
2023-04-10,AMZN,316.55,318.03,58803
2023-04-11,AMZN,134.41,364.59,40743
2023-04-12,AMZN,122.81,461.31,3552
2023-04-13,AMZN,142.19,139.42,57627
2023-04-14,AMZN,334.24,192.83,46987
2023-04-17,AMZN,317.74,383.56,80810
2023-04-18,AMZN,193.5,429.5,46380
2023-04-19,AMZN,355.11,442.81,30250
2023-04-20,AMZN,428.03,266.04,69344
2023-04-21,AMZN,116.63,135.74,65686
2023-04-24,AMZN,299.25,275.11,46028
2023-04-25,AMZN,375.72,192.29,16295
2023-04-26,AMZN,200.92,216.48,56248
2023-04-27,AMZN,223.11,408.91,81205
2023-04-28,AMZN,345.46,130.21,11523
2023-05-01,AMZN,459.17,431.03,46530
2023-05-02,AMZN,423.97,271.07,14769
2023-05-03,AMZN,333.25,338.43,64042
2023-05-04,AMZN,392.09,135.86,45645
2023-05-05,AMZN,245.93,234.94,91743
2023-05-08,AMZN,356.39,135.88,63142
2023-05-09,AMZN,286.47,484.62,26557
2023-05-10,AMZN,175.97,422.9,80782
2023-05-11,AMZN,380.7,283.85,79382
2023-05-12,AMZN,322.59,189.44,38085
2023-05-15,AMZN,243.45,473.38,51708
2023-05-16,AMZN,464.54,237.84,52357
2023-05-17,AMZN,108.37,164.39,14470
2023-05-18,AMZN,226.31,325.27,79712
2023-05-19,AMZN,122.75,477.51,80082
2023-05-22,AMZN,406.61,101.53,7805
2023-05-23,AMZN,380.84,195.25,83324
2023-05-24,AMZN,232.54,475.38,95884
2023-05-25,AMZN,370.27,168.43,63028
2023-05-26,AMZN,258.37,145.3,51772
2023-05-29,AMZN,402.5,328.07,53104
2023-05-30,AMZN,281.67,444.74,74616
2023-05-31,AMZN,264.91,290.84,90300
2023-06-01,AMZN,473.89,497.83,7630
2023-06-02,AMZN,200.35,371.67,99869
2023-06-05,AMZN,148.18,129.63,16701
2023-06-06,AMZN,333.82,497.13,15859
2023-06-07,AMZN,487.73,263.16,22183
2023-06-08,AMZN,251.14,214.96,41438
2023-06-09,AMZN,124.81,323.15,98285
2023-06-12,AMZN,235.72,221.72,98423
2023-06-13,AMZN,302.37,134.58,43244
2023-06-14,AMZN,164.77,100.57,75312
2023-06-15,AMZN,363.24,279.83,16021
2023-06-16,AMZN,499.1,434.75,70863
2023-06-19,AMZN,280.7,328.93,56565
2023-06-20,AMZN,241.89,499.68,49043
2023-06-21,AMZN,260.28,214.74,74150
2023-06-22,AMZN,146.06,212.18,65361
2023-06-23,AMZN,453.31,163.9,2245
2023-06-26,AMZN,265.93,165.63,42011
2023-06-27,AMZN,254.91,214.07,11355
2023-06-28,AMZN,363.88,417.14,99841
2023-06-29,AMZN,276.81,462.3,49692
2023-06-30,AMZN,359.29,490.03,50004
2023-07-03,AMZN,124.58,192.92,30714
2023-07-04,AMZN,425.49,452.52,18198
2023-07-05,AMZN,476.2,231.3,67951
2023-07-06,AMZN,359.51,145.14,2652
2023-07-07,AMZN,481.83,448.01,44625
2023-07-10,AMZN,160.57,354.44,86982
2023-07-11,AMZN,290.97,165.89,19740
2023-07-12,AMZN,340.72,271.93,4810
2023-07-13,AMZN,332.69,214.9,17569
2023-07-14,AMZN,260.58,394.72,80120
2023-07-17,AMZN,235.23,281.37,27783
2023-07-18,AMZN,150.73,495.71,79047
2023-07-19,AMZN,256.7,121.9,10471
2023-07-20,AMZN,165.06,242.01,7163
2023-07-21,AMZN,393.75,292.76,64087
2023-07-24,AMZN,183.53,301.25,63071
2023-07-25,AMZN,123.43,226.37,17065
2023-07-26,AMZN,320.95,391.7,84456
2023-07-27,AMZN,338.09,449.9,49348
2023-07-28,AMZN,448.77,475.49,20154
2023-07-31,AMZN,330.79,422.04,21229
2023-08-01,AMZN,238.19,440.23,53587
2023-08-02,AMZN,421.2,320.22,50713
2023-08-03,AMZN,316.11,430.36,27997
2023-08-04,AMZN,131.71,221.4,22101
2023-08-07,AMZN,326.34,259.39,41391
2023-08-08,AMZN,463.21,226.77,76863
2023-08-09,AMZN,258.53,286.95,73723
2023-08-10,AMZN,218.53,214.23,96221
2023-08-11,AMZN,157.39,484.64,60405
2023-08-14,AMZN,160.58,225.14,35948
2023-08-15,AMZN,273.11,139.22,54031
2023-08-16,AMZN,338.27,310.73,38921
2023-08-17,AMZN,132.25,122.84,73571
2023-08-18,AMZN,475.83,144.22,78007
2023-08-21,AMZN,402.05,187.76,29460
2023-08-22,AMZN,334.65,285.74,22071
2023-08-23,AMZN,431.38,273.3,67118
2023-08-24,AMZN,132.07,419.88,49282
2023-08-25,AMZN,290.74,395.79,92725
2023-08-28,AMZN,352.04,270.53,59445
2023-08-29,AMZN,431.46,233.48,82067
2023-08-30,AMZN,413.39,226.59,83208
2023-08-31,AMZN,210.83,409.6,55816
2023-09-01,AMZN,476.35,120.83,86779
2023-09-04,AMZN,149.74,105.13,4060
2023-09-05,AMZN,450.05,418.22,14731
2023-09-06,AMZN,488.38,290.86,78830
2023-09-07,AMZN,170.86,152.35,21719
2023-09-08,AMZN,388.83,194.23,48042
2023-09-11,AMZN,116.11,473.0,50116
2023-09-12,AMZN,262.17,443.8,27325
2023-09-13,AMZN,306.51,383.91,23597
2023-09-14,AMZN,332.26,292.89,68439
2023-09-15,AMZN,474.37,308.13,15551
2023-09-18,AMZN,368.9,490.1,94287
2023-09-19,AMZN,292.51,486.31,25278
2023-09-20,AMZN,423.87,186.11,92189
2023-09-21,AMZN,480.21,424.44,16141
2023-09-22,AMZN,108.83,178.9,68913
2023-09-25,AMZN,493.01,185.41,34615
2023-09-26,AMZN,134.45,370.44,63751
2023-09-27,AMZN,425.75,262.0,28452
2023-09-28,AMZN,212.13,472.62,23725
2023-09-29,AMZN,152.87,135.6,51391
2023-10-02,AMZN,275.94,304.61,76060
2023-10-03,AMZN,357.58,467.41,12698
2023-10-04,AMZN,252.38,461.65,87711
2023-10-05,AMZN,121.83,162.61,78850
2023-10-06,AMZN,339.78,246.66,3365
2023-10-09,AMZN,460.96,347.65,98553
2023-10-10,AMZN,253.29,163.76,98662
2023-10-11,AMZN,186.53,487.21,44372
2023-10-12,AMZN,277.03,465.9,45134
2023-10-13,AMZN,119.35,166.78,38823
2023-10-16,AMZN,428.2,148.46,72158
2023-10-17,AMZN,430.54,134.16,97076
2023-10-18,AMZN,335.2,463.78,2949
2023-10-19,AMZN,241.24,177.45,50396
2023-10-20,AMZN,419.91,266.51,32912
2023-10-23,AMZN,321.87,279.54,57947
2023-10-24,AMZN,430.37,339.6,98697
2023-10-25,AMZN,352.58,128.69,45387
2023-10-26,AMZN,413.76,190.7,64965
2023-10-27,AMZN,339.43,472.6,17508
2023-10-30,AMZN,265.66,463.36,46592
2023-10-31,AMZN,483.18,412.52,2919
2023-11-01,AMZN,316.45,107.76,43595
2023-11-02,AMZN,342.04,230.8,10617
2023-11-03,AMZN,188.2,351.18,76268
2023-11-06,AMZN,350.26,210.08,34298
2023-11-07,AMZN,328.64,463.83,7929
2023-11-08,AMZN,173.94,353.56,15456
2023-11-09,AMZN,123.83,128.76,87676
2023-11-10,AMZN,341.74,463.6,84721
2023-11-13,AMZN,405.48,483.11,38924
2023-11-14,AMZN,309.36,131.08,25240
2023-11-15,AMZN,190.71,312.94,88381
2023-11-16,AMZN,366.61,221.35,10228
2023-11-17,AMZN,132.04,257.14,22686
2023-11-20,AMZN,276.73,171.86,12920
2023-11-21,AMZN,165.35,331.23,8432
2023-11-22,AMZN,173.78,483.19,64575
2023-11-23,AMZN,180.92,301.23,72725
2023-11-24,AMZN,254.68,133.17,94575
2023-11-27,AMZN,120.46,348.0,34910
2023-11-28,AMZN,259.12,236.09,31226
2023-11-29,AMZN,304.68,442.37,74150
2023-11-30,AMZN,293.32,273.87,60099
2023-12-01,AMZN,253.11,177.14,87760
2022-01-03,TSLA,435.66,176.44,19013
2022-01-04,TSLA,158.13,407.51,22446
2022-01-05,TSLA,302.28,206.24,71375
2022-01-06,TSLA,124.82,406.89,63509
2022-01-07,TSLA,128.46,182.35,96739
2022-01-10,TSLA,329.55,228.67,1557
2022-01-11,TSLA,326.41,286.19,31666
2022-01-12,TSLA,451.21,477.28,38389
2022-01-13,TSLA,323.15,472.69,48700
2022-01-14,TSLA,483.92,182.75,25578
2022-01-17,TSLA,119.48,243.29,75779
2022-01-18,TSLA,139.2,159.76,10596
2022-01-19,TSLA,117.63,303.99,58500
2022-01-20,TSLA,174.11,284.23,73534
2022-01-21,TSLA,316.51,460.3,11129
2022-01-24,TSLA,358.23,472.0,64394
2022-01-25,TSLA,118.23,253.43,67046
2022-01-26,TSLA,478.39,296.7,12596
2022-01-27,TSLA,436.87,458.49,66355
2022-01-28,TSLA,218.64,422.68,13974
2022-01-31,TSLA,130.88,101.46,67673
2022-02-01,TSLA,167.95,228.02,94433
2022-02-02,TSLA,150.78,268.71,71202
2022-02-03,TSLA,149.31,191.89,75442
2022-02-04,TSLA,307.42,179.83,22818
2022-02-07,TSLA,198.34,115.11,44246
2022-02-08,TSLA,243.26,357.35,56598
2022-02-09,TSLA,495.8,205.0,3654
2022-02-10,TSLA,373.73,120.94,34758
2022-02-11,TSLA,479.59,192.39,25204
2022-02-14,TSLA,157.02,420.77,35928
2022-02-15,TSLA,252.86,440.6,54609
2022-02-16,TSLA,321.89,293.23,31552
2022-02-17,TSLA,130.7,266.43,11336
2022-02-18,TSLA,101.67,491.14,48037
2022-02-21,TSLA,368.17,180.23,17206
2022-02-22,TSLA,356.73,186.14,35831
2022-02-23,TSLA,264.32,216.75,44563
2022-02-24,TSLA,295.86,169.1,19361
2022-02-25,TSLA,266.18,251.75,42335
2022-02-28,TSLA,109.6,464.33,75469
2022-03-01,TSLA,234.15,346.14,26816
2022-03-02,TSLA,170.83,264.78,16619
2022-03-03,TSLA,139.37,473.76,93479
2022-03-04,TSLA,482.69,119.39,27819
2022-03-07,TSLA,339.74,184.11,12741
2022-03-08,TSLA,391.46,326.36,9798
2022-03-09,TSLA,226.15,346.22,26143
2022-03-10,TSLA,257.26,115.82,50695
2022-03-11,TSLA,194.77,261.22,33747
2022-03-14,TSLA,138.79,359.66,22182
2022-03-15,TSLA,171.61,379.23,10415
2022-03-16,TSLA,419.01,355.26,12085
2022-03-17,TSLA,371.02,228.23,16008
2022-03-18,TSLA,318.77,137.41,88638
2022-03-21,TSLA,290.04,270.84,19452
2022-03-22,TSLA,468.97,151.5,65075
2022-03-23,TSLA,129.09,479.05,9120
2022-03-24,TSLA,212.24,290.07,65385
2022-03-25,TSLA,239.98,226.9,74356
2022-03-28,TSLA,412.97,406.52,19170
2022-03-29,TSLA,497.01,299.18,17259
2022-03-30,TSLA,196.27,224.01,23099
2022-03-31,TSLA,449.72,424.79,10649
2022-04-01,TSLA,432.25,446.86,96791
2022-04-04,TSLA,189.86,369.2,60258
2022-04-05,TSLA,259.73,118.79,42037
2022-04-06,TSLA,263.87,326.53,12805
2022-04-07,TSLA,491.29,405.32,44147
2022-04-08,TSLA,172.36,154.6,75280
2022-04-11,TSLA,419.66,191.47,47053
2022-04-12,TSLA,233.68,453.0,98841
2022-04-13,TSLA,392.35,108.05,92393
2022-04-14,TSLA,268.0,401.09,77215
2022-04-15,TSLA,331.34,289.51,96365
2022-04-18,TSLA,433.04,278.71,11985
2022-04-19,TSLA,421.67,102.84,94823
2022-04-20,TSLA,446.57,427.76,13391
2022-04-21,TSLA,123.85,243.93,5861
2022-04-22,TSLA,376.82,316.31,64582
2022-04-25,TSLA,155.99,370.92,52928
2022-04-26,TSLA,266.33,381.05,35364
2022-04-27,TSLA,319.44,482.39,83399
2022-04-28,TSLA,261.1,312.54,98035
2022-04-29,TSLA,307.84,259.89,94330
2022-05-02,TSLA,498.61,481.48,43923
2022-05-03,TSLA,154.09,356.84,8919
2022-05-04,TSLA,370.18,219.26,56896
2022-05-05,TSLA,258.4,150.59,86818
2022-05-06,TSLA,153.2,437.02,48396
2022-05-09,TSLA,163.49,244.87,35840
2022-05-10,TSLA,479.71,364.19,43255
2022-05-11,TSLA,451.84,288.33,72160
2022-05-12,TSLA,462.82,179.57,9176
2022-05-13,TSLA,496.61,340.67,34529
2022-05-16,TSLA,183.33,124.27,57406
2022-05-17,TSLA,242.18,265.34,13941
2022-05-18,TSLA,367.69,318.65,2669
2022-05-19,TSLA,293.52,274.42,86782
2022-05-20,TSLA,267.36,399.47,45859
2022-05-23,TSLA,243.12,431.17,56786
2022-05-24,TSLA,337.51,408.5,52083
2022-05-25,TSLA,330.24,115.53,41076
2022-05-26,TSLA,164.58,177.65,21323
2022-05-27,TSLA,288.7,314.64,7021
2022-05-30,TSLA,321.39,473.93,40807
2022-05-31,TSLA,328.11,433.98,51355
2022-06-01,TSLA,184.04,437.01,45732
2022-06-02,TSLA,396.91,221.28,9711
2022-06-03,TSLA,110.08,271.78,64079
2022-06-06,TSLA,241.93,288.28,8904
2022-06-07,TSLA,412.09,162.95,65033
2022-06-08,TSLA,325.56,112.43,87478
2022-06-09,TSLA,204.46,478.76,90787
2022-06-10,TSLA,377.98,196.29,56096
2022-06-13,TSLA,326.96,195.98,91594
2022-06-14,TSLA,418.5,133.35,4093
2022-06-15,TSLA,394.01,471.4,25918
2022-06-16,TSLA,344.04,331.89,73743
2022-06-17,TSLA,295.27,366.81,63636
2022-06-20,TSLA,153.27,464.63,59806
2022-06-21,TSLA,204.53,238.25,10394
2022-06-22,TSLA,267.64,348.6,93510
2022-06-23,TSLA,339.72,115.52,94708
2022-06-24,TSLA,305.48,174.71,98819
2022-06-27,TSLA,215.27,432.5,14280
2022-06-28,TSLA,102.59,406.71,37303
2022-06-29,TSLA,298.5,240.26,28453
2022-06-30,TSLA,214.25,250.72,61695
2022-07-01,TSLA,393.84,313.42,69449
2022-07-04,TSLA,109.58,100.1,26765
2022-07-05,TSLA,333.93,196.5,3340
2022-07-06,TSLA,476.59,183.29,92715
2022-07-07,TSLA,169.76,200.19,94409
2022-07-08,TSLA,288.66,422.36,39057
2022-07-11,TSLA,136.57,211.87,1597
2022-07-12,TSLA,350.27,176.61,58988
2022-07-13,TSLA,320.21,301.71,95655
2022-07-14,TSLA,262.95,446.26,16025
2022-07-15,TSLA,308.55,196.54,8145
2022-07-18,TSLA,458.63,131.41,56797
2022-07-19,TSLA,178.52,242.56,42723
2022-07-20,TSLA,109.03,399.06,74230
2022-07-21,TSLA,444.67,320.28,5830
2022-07-22,TSLA,330.85,426.72,24930
2022-07-25,TSLA,456.26,483.84,24752
2022-07-26,TSLA,338.78,417.06,77025
2022-07-27,TSLA,424.06,341.52,99228
2022-07-28,TSLA,271.87,297.34,82304
2022-07-29,TSLA,399.94,116.03,63040
2022-08-01,TSLA,465.22,493.73,68696
2022-08-02,TSLA,328.85,253.39,65648
2022-08-03,TSLA,172.31,160.89,56030
2022-08-04,TSLA,207.52,366.68,57815
2022-08-05,TSLA,179.46,213.72,86669
2022-08-08,TSLA,198.74,334.31,36690
2022-08-09,TSLA,222.57,334.71,89406
2022-08-10,TSLA,322.05,278.29,91032
2022-08-11,TSLA,335.2,434.45,58923
2022-08-12,TSLA,270.6,205.99,37572
2022-08-15,TSLA,346.17,279.45,55030
2022-08-16,TSLA,132.63,315.08,68904
2022-08-17,TSLA,135.12,365.45,30203
2022-08-18,TSLA,168.73,413.59,78088
2022-08-19,TSLA,307.23,257.92,6608
2022-08-22,TSLA,185.6,358.42,46667
2022-08-23,TSLA,213.31,160.24,56547
2022-08-24,TSLA,260.13,473.06,23485
2022-08-25,TSLA,424.75,253.22,10862
2022-08-26,TSLA,105.54,391.81,76948
2022-08-29,TSLA,359.75,108.14,87890
2022-08-30,TSLA,367.55,182.07,72880
2022-08-31,TSLA,419.46,294.83,58560
2022-09-01,TSLA,473.1,451.3,84529
2022-09-02,TSLA,108.06,310.9,95218
2022-09-05,TSLA,161.51,471.95,29415
2022-09-06,TSLA,454.47,293.52,65523
2022-09-07,TSLA,283.41,296.18,20323
2022-09-08,TSLA,325.84,147.9,54214
2022-09-09,TSLA,365.21,421.06,18997
2022-09-12,TSLA,371.63,198.79,58003
2022-09-13,TSLA,472.7,459.84,4679
2022-09-14,TSLA,498.78,464.33,96025
2022-09-15,TSLA,388.06,477.32,41308
2022-09-16,TSLA,214.89,308.09,76024
2022-09-19,TSLA,451.9,370.84,40842
2022-09-20,TSLA,119.69,411.41,66408
2022-09-21,TSLA,192.43,152.41,70532
2022-09-22,TSLA,458.95,340.38,54938
2022-09-23,TSLA,202.48,113.72,6695
2022-09-26,TSLA,188.26,299.03,96740
2022-09-27,TSLA,155.25,161.94,59499
2022-09-28,TSLA,443.64,173.17,24382
2022-09-29,TSLA,300.02,246.02,15235
2022-09-30,TSLA,369.96,272.97,63223
2022-10-03,TSLA,195.63,349.27,3366
2022-10-04,TSLA,403.22,129.77,28467
2022-10-05,TSLA,404.0,301.48,60316
2022-10-06,TSLA,225.04,173.05,7764
2022-10-07,TSLA,264.27,329.59,91896
2022-10-10,TSLA,183.88,354.96,62836
2022-10-11,TSLA,490.62,322.68,32923
2022-10-12,TSLA,358.24,395.32,96711
2022-10-13,TSLA,473.82,234.24,17292
2022-10-14,TSLA,221.35,406.04,2614
2022-10-17,TSLA,412.76,273.11,21939
2022-10-18,TSLA,406.34,293.67,19800
2022-10-19,TSLA,376.66,359.24,57440
2022-10-20,TSLA,486.26,107.34,24246
2022-10-21,TSLA,257.42,361.6,53805
2022-10-24,TSLA,152.29,347.43,50648
2022-10-25,TSLA,368.68,223.94,57851
2022-10-26,TSLA,391.72,134.32,32688
2022-10-27,TSLA,330.02,136.37,94498
2022-10-28,TSLA,182.73,469.29,30764
2022-10-31,TSLA,301.78,375.71,33470
2022-11-01,TSLA,224.88,150.84,39501
2022-11-02,TSLA,270.99,242.69,58207
2022-11-03,TSLA,358.09,336.99,63157
2022-11-04,TSLA,398.09,434.23,4216
2022-11-07,TSLA,192.89,117.46,23072
2022-11-08,TSLA,262.13,194.65,94778
2022-11-09,TSLA,207.66,455.9,38132
2022-11-10,TSLA,179.45,103.67,18861
2022-11-11,TSLA,413.35,180.56,65186
2022-11-14,TSLA,463.7,483.61,5960
2022-11-15,TSLA,248.09,345.36,19781
2022-11-16,TSLA,400.51,204.67,32126
2022-11-17,TSLA,458.8,126.8,23578
2022-11-18,TSLA,438.45,111.28,18883
2022-11-21,TSLA,173.13,197.9,30782
2022-11-22,TSLA,482.52,452.59,57387
2022-11-23,TSLA,250.67,266.37,17979
2022-11-24,TSLA,235.7,388.13,34746
2022-11-25,TSLA,124.97,467.31,67266
2022-11-28,TSLA,294.47,263.22,1056
2022-11-29,TSLA,143.61,176.51,32457
2022-11-30,TSLA,199.42,306.85,3243
2022-12-01,TSLA,226.78,463.23,56031
2022-12-02,TSLA,423.53,421.75,2701
2022-12-05,TSLA,450.2,126.33,57381
2022-12-06,TSLA,220.99,377.03,51438
2022-12-07,TSLA,443.48,328.76,74839
2022-12-08,TSLA,442.89,462.99,81636
2022-12-09,TSLA,405.86,148.99,67483
2022-12-12,TSLA,158.68,313.61,21505
2022-12-13,TSLA,376.13,451.79,7553
2022-12-14,TSLA,478.01,264.01,34525
2022-12-15,TSLA,373.02,292.8,81402
2022-12-16,TSLA,232.65,128.18,97008
2022-12-19,TSLA,300.23,211.26,45348
2022-12-20,TSLA,358.29,229.8,72187
2022-12-21,TSLA,304.23,478.05,8273
2022-12-22,TSLA,147.98,213.07,65236
2022-12-23,TSLA,224.83,284.35,76569
2022-12-26,TSLA,420.96,368.52,4535
2022-12-27,TSLA,444.57,164.87,19677
2022-12-28,TSLA,154.92,294.58,84024
2022-12-29,TSLA,480.95,395.42,1908
2022-12-30,TSLA,231.53,446.74,71153
2023-01-02,TSLA,364.93,350.5,96967
2023-01-03,TSLA,400.73,367.62,89989
2023-01-04,TSLA,424.78,150.51,36079
2023-01-05,TSLA,478.3,478.31,82556
2023-01-06,TSLA,225.17,153.03,50323
2023-01-09,TSLA,443.4,409.87,46320
2023-01-10,TSLA,152.67,205.93,93098
2023-01-11,TSLA,382.02,473.44,90909
2023-01-12,TSLA,396.79,387.98,47105
2023-01-13,TSLA,371.09,401.53,31164
2023-01-16,TSLA,200.93,187.62,2885
2023-01-17,TSLA,449.22,277.22,58819
2023-01-18,TSLA,167.54,347.13,2049
2023-01-19,TSLA,121.45,407.99,54281
2023-01-20,TSLA,386.99,141.58,44271
2023-01-23,TSLA,290.19,484.95,67697
2023-01-24,TSLA,439.64,456.09,67351
2023-01-25,TSLA,253.36,208.14,37534
2023-01-26,TSLA,167.31,429.1,94034
2023-01-27,TSLA,434.58,307.33,59097
2023-01-30,TSLA,319.56,284.72,54813
2023-01-31,TSLA,175.68,225.77,26037
2023-02-01,TSLA,388.15,332.39,37007
2023-02-02,TSLA,304.45,391.96,80478
2023-02-03,TSLA,341.73,264.37,28278
2023-02-06,TSLA,284.36,351.69,9272
2023-02-07,TSLA,431.48,379.73,58183
2023-02-08,TSLA,431.83,384.45,39294
2023-02-09,TSLA,383.76,120.79,74277
2023-02-10,TSLA,142.16,443.9,63509
2023-02-13,TSLA,435.54,283.3,5694
2023-02-14,TSLA,368.41,204.97,96842
2023-02-15,TSLA,378.81,196.71,59150
2023-02-16,TSLA,245.19,293.21,68470
2023-02-17,TSLA,451.71,454.73,22556
2023-02-20,TSLA,390.15,251.34,65471
2023-02-21,TSLA,145.04,399.89,50855
2023-02-22,TSLA,263.11,138.73,50086
2023-02-23,TSLA,454.55,290.42,19907
2023-02-24,TSLA,118.88,496.67,72695
2023-02-27,TSLA,484.57,408.18,49487
2023-02-28,TSLA,371.67,184.21,30158
2023-03-01,TSLA,352.55,300.58,21293
2023-03-02,TSLA,208.22,193.45,46761
2023-03-03,TSLA,199.52,263.82,34387
2023-03-06,TSLA,476.82,412.03,41750
2023-03-07,TSLA,219.31,408.49,69602
2023-03-08,TSLA,410.2,191.24,22256
2023-03-09,TSLA,257.25,468.89,6594
2023-03-10,TSLA,155.7,337.03,3460
2023-03-13,TSLA,104.29,251.97,73356
2023-03-14,TSLA,317.7,300.77,55698
2023-03-15,TSLA,490.31,342.03,17191
2023-03-16,TSLA,247.65,323.96,85631
2023-03-17,TSLA,242.88,294.56,11529
2023-03-20,TSLA,237.64,301.97,33175
2023-03-21,TSLA,308.22,170.56,18675
2023-03-22,TSLA,276.27,425.09,44158
2023-03-23,TSLA,451.97,316.7,47798
2023-03-24,TSLA,302.21,152.43,71910
2023-03-27,TSLA,303.1,406.46,26976
2023-03-28,TSLA,155.35,472.98,64116
2023-03-29,TSLA,493.1,478.92,79678
2023-03-30,TSLA,199.99,247.61,63821
2023-03-31,TSLA,129.35,154.21,13204
2023-04-03,TSLA,365.26,307.36,56665
2023-04-04,TSLA,338.15,145.04,8394
2023-04-05,TSLA,266.06,473.59,65814
2023-04-06,TSLA,268.88,173.43,34593
2023-04-07,TSLA,414.03,201.11,42964
2023-04-10,TSLA,178.29,262.65,78188
2023-04-11,TSLA,428.1,253.27,54365
2023-04-12,TSLA,359.5,417.87,1443
2023-04-13,TSLA,267.59,282.53,90439
2023-04-14,TSLA,283.21,168.31,29180
2023-04-17,TSLA,202.66,206.88,49791
2023-04-18,TSLA,400.85,303.65,87655
2023-04-19,TSLA,305.15,158.98,76899
2023-04-20,TSLA,228.34,344.66,44665
2023-04-21,TSLA,338.42,326.3,98077
2023-04-24,TSLA,498.29,385.88,4465
2023-04-25,TSLA,274.1,475.08,69247
2023-04-26,TSLA,468.28,464.9,52559
2023-04-27,TSLA,238.01,478.43,26198
2023-04-28,TSLA,121.89,197.89,55740
2023-05-01,TSLA,181.7,152.63,23488
2023-05-02,TSLA,267.48,220.91,39515
2023-05-03,TSLA,187.85,458.03,90144
2023-05-04,TSLA,100.09,488.82,28898
2023-05-05,TSLA,466.0,443.73,2919
2023-05-08,TSLA,437.55,144.01,51070
2023-05-09,TSLA,396.92,478.97,63613
2023-05-10,TSLA,167.13,269.34,97707
2023-05-11,TSLA,148.15,103.72,87135
2023-05-12,TSLA,127.04,276.96,83501
2023-05-15,TSLA,389.61,118.43,48003
2023-05-16,TSLA,471.52,317.55,49478
2023-05-17,TSLA,272.21,235.42,15434
2023-05-18,TSLA,147.66,289.37,47246
2023-05-19,TSLA,304.96,345.27,37649
2023-05-22,TSLA,239.53,447.52,60030
2023-05-23,TSLA,249.93,364.76,54061
2023-05-24,TSLA,348.53,273.62,2999
2023-05-25,TSLA,387.49,427.77,15849
2023-05-26,TSLA,144.24,462.23,77439
2023-05-29,TSLA,114.24,147.9,53800
2023-05-30,TSLA,497.73,312.77,6445
2023-05-31,TSLA,193.09,213.8,19040
2023-06-01,TSLA,121.53,118.82,65315
2023-06-02,TSLA,175.95,367.42,1246
2023-06-05,TSLA,115.58,445.11,32153
2023-06-06,TSLA,256.72,165.16,6212
2023-06-07,TSLA,420.96,424.97,4339
2023-06-08,TSLA,236.5,441.36,89678
2023-06-09,TSLA,277.67,465.74,57238
2023-06-12,TSLA,370.23,206.11,20394
2023-06-13,TSLA,303.56,461.58,54871
2023-06-14,TSLA,444.58,228.27,78722
2023-06-15,TSLA,446.41,320.94,35607
2023-06-16,TSLA,103.96,120.2,53055
2023-06-19,TSLA,411.22,117.55,5395
2023-06-20,TSLA,284.29,388.15,16290
2023-06-21,TSLA,495.54,277.79,88687
2023-06-22,TSLA,293.29,202.52,66078
2023-06-23,TSLA,494.76,176.17,4691
2023-06-26,TSLA,401.83,367.98,8470
2023-06-27,TSLA,199.44,100.16,4841
2023-06-28,TSLA,315.36,422.36,64197
2023-06-29,TSLA,496.85,131.7,56773
2023-06-30,TSLA,443.01,176.6,18776
2023-07-03,TSLA,138.95,254.49,72596
2023-07-04,TSLA,382.55,293.94,28584
2023-07-05,TSLA,238.23,242.0,5300
2023-07-06,TSLA,102.79,228.28,4338
2023-07-07,TSLA,261.39,485.57,63601
2023-07-10,TSLA,193.9,356.63,6487
2023-07-11,TSLA,427.55,109.37,37282
2023-07-12,TSLA,234.93,272.07,96065
2023-07-13,TSLA,431.01,450.0,96798
2023-07-14,TSLA,100.24,220.58,77816
2023-07-17,TSLA,223.13,137.82,29804
2023-07-18,TSLA,196.47,403.35,10915
2023-07-19,TSLA,193.43,342.41,12158
2023-07-20,TSLA,127.27,328.13,75157
2023-07-21,TSLA,174.85,121.43,11547
2023-07-24,TSLA,322.22,156.2,89713
2023-07-25,TSLA,216.54,349.02,3459
2023-07-26,TSLA,266.96,183.13,29768
2023-07-27,TSLA,250.75,301.63,64146
2023-07-28,TSLA,450.36,317.95,51870
2023-07-31,TSLA,462.12,213.4,51460
2023-08-01,TSLA,297.18,479.37,83970
2023-08-02,TSLA,232.06,436.99,61817
2023-08-03,TSLA,142.72,388.95,39247
2023-08-04,TSLA,481.36,131.2,16419
2023-08-07,TSLA,124.09,142.45,36577
2023-08-08,TSLA,219.06,297.11,3921
2023-08-09,TSLA,219.23,164.29,5676
2023-08-10,TSLA,228.16,491.31,86961
2023-08-11,TSLA,165.71,163.41,50684
2023-08-14,TSLA,413.26,294.99,14463
2023-08-15,TSLA,149.0,245.65,26474
2023-08-16,TSLA,353.96,355.75,41935
2023-08-17,TSLA,149.54,151.61,68005
2023-08-18,TSLA,128.21,272.13,59596
2023-08-21,TSLA,463.77,209.88,73828
2023-08-22,TSLA,176.05,455.1,91945
2023-08-23,TSLA,428.5,116.23,90062
2023-08-24,TSLA,317.85,465.49,56152
2023-08-25,TSLA,131.14,433.2,90001
2023-08-28,TSLA,482.18,219.03,97491
2023-08-29,TSLA,198.78,415.72,93321
2023-08-30,TSLA,443.86,112.49,87569
2023-08-31,TSLA,167.52,486.75,73467
2023-09-01,TSLA,441.58,310.64,53576
2023-09-04,TSLA,105.29,221.31,67627
2023-09-05,TSLA,304.71,245.03,26772
2023-09-06,TSLA,407.78,126.56,17363
2023-09-07,TSLA,473.92,495.74,29490
2023-09-08,TSLA,463.68,115.72,60004
2023-09-11,TSLA,427.85,361.96,54806
2023-09-12,TSLA,455.28,277.09,1260
2023-09-13,TSLA,179.69,479.57,76992
2023-09-14,TSLA,213.67,198.4,23320
2023-09-15,TSLA,215.59,312.83,79971
2023-09-18,TSLA,250.82,292.94,43145
2023-09-19,TSLA,257.33,381.15,64688
2023-09-20,TSLA,317.82,127.2,49581
2023-09-21,TSLA,163.95,177.52,93561
2023-09-22,TSLA,376.5,185.83,94645
2023-09-25,TSLA,167.03,395.26,21754
2023-09-26,TSLA,224.12,175.66,70837
2023-09-27,TSLA,301.34,329.4,8207
2023-09-28,TSLA,418.58,186.1,28920
2023-09-29,TSLA,395.79,444.65,88739
2023-10-02,TSLA,358.21,476.87,88081
2023-10-03,TSLA,162.31,307.4,25016
2023-10-04,TSLA,318.82,240.92,97634
2023-10-05,TSLA,134.98,193.62,61522
2023-10-06,TSLA,250.95,119.91,75092
2023-10-09,TSLA,265.41,207.4,55068
2023-10-10,TSLA,115.92,361.69,21102
2023-10-11,TSLA,209.6,313.45,2924
2023-10-12,TSLA,482.26,477.62,86015
2023-10-13,TSLA,481.45,258.51,55333
2023-10-16,TSLA,240.93,377.55,85458
2023-10-17,TSLA,117.24,295.73,85196
2023-10-18,TSLA,171.64,305.03,47099
2023-10-19,TSLA,256.89,207.11,58346
2023-10-20,TSLA,479.11,281.98,76481
2023-10-23,TSLA,156.48,288.31,51062
2023-10-24,TSLA,405.41,382.66,1306
2023-10-25,TSLA,143.47,476.26,89495
2023-10-26,TSLA,492.5,231.73,70767
2023-10-27,TSLA,252.65,116.88,13207
2023-10-30,TSLA,410.09,298.52,40426
2023-10-31,TSLA,237.04,317.78,7336
2023-11-01,TSLA,351.07,167.38,76166
2023-11-02,TSLA,176.81,404.19,18256
2023-11-03,TSLA,158.41,493.97,50817
2023-11-06,TSLA,475.23,478.31,34719
2023-11-07,TSLA,467.06,178.84,43017
2023-11-08,TSLA,454.99,450.15,46704
2023-11-09,TSLA,350.17,381.8,31013
2023-11-10,TSLA,423.31,281.54,80991
2023-11-13,TSLA,127.61,316.24,71258
2023-11-14,TSLA,233.92,439.84,79348
2023-11-15,TSLA,225.48,292.05,96812
2023-11-16,TSLA,354.26,249.28,37776
2023-11-17,TSLA,242.38,297.3,11060
2023-11-20,TSLA,159.4,331.65,79592
2023-11-21,TSLA,338.59,175.63,7655
2023-11-22,TSLA,425.75,460.36,89110
2023-11-23,TSLA,252.85,369.67,50923
2023-11-24,TSLA,152.91,353.31,79563
2023-11-27,TSLA,178.68,139.8,5030
2023-11-28,TSLA,194.99,341.67,90779
2023-11-29,TSLA,219.96,148.38,34289
2023-11-30,TSLA,357.12,131.48,20739
2023-12-01,TSLA,340.38,310.92,62687
2022-01-03,MSFT,378.43,261.11,37491
2022-01-04,MSFT,245.0,335.52,96549
2022-01-05,MSFT,429.6,135.69,73115
2022-01-06,MSFT,181.64,272.39,84778
2022-01-07,MSFT,287.62,169.91,5781
2022-01-10,MSFT,420.38,494.84,21448
2022-01-11,MSFT,172.06,324.46,52550
2022-01-12,MSFT,143.95,374.97,50294
2022-01-13,MSFT,453.47,230.17,22446
2022-01-14,MSFT,237.17,137.9,77579
2022-01-17,MSFT,373.55,490.35,86389
2022-01-18,MSFT,110.14,214.5,86615
2022-01-19,MSFT,376.02,269.52,18101
2022-01-20,MSFT,226.44,359.95,67178
2022-01-21,MSFT,122.3,109.88,29016
2022-01-24,MSFT,343.93,424.1,19932
2022-01-25,MSFT,196.32,314.63,45653
2022-01-26,MSFT,254.72,211.29,91481
2022-01-27,MSFT,132.23,124.64,53802
2022-01-28,MSFT,158.87,165.0,8549
2022-01-31,MSFT,219.19,458.01,79933
2022-02-01,MSFT,135.9,374.41,26362
2022-02-02,MSFT,464.33,199.96,48842
2022-02-03,MSFT,102.42,126.24,47539
2022-02-04,MSFT,293.54,376.25,34717
2022-02-07,MSFT,149.3,328.96,55596
2022-02-08,MSFT,223.07,261.81,24016
2022-02-09,MSFT,470.42,245.44,56200
2022-02-10,MSFT,164.68,186.73,81268
2022-02-11,MSFT,486.33,367.84,61287
2022-02-14,MSFT,182.32,488.27,93447
2022-02-15,MSFT,396.63,170.29,84402
2022-02-16,MSFT,318.67,338.85,43607
2022-02-17,MSFT,453.79,269.67,28621
2022-02-18,MSFT,321.6,278.68,13823
2022-02-21,MSFT,313.82,201.66,30986
2022-02-22,MSFT,178.18,430.05,65325
2022-02-23,MSFT,166.49,294.1,58771
2022-02-24,MSFT,466.6,317.36,55973
2022-02-25,MSFT,231.14,221.9,15690
2022-02-28,MSFT,248.83,172.72,40107
2022-03-01,MSFT,403.93,134.36,58888
2022-03-02,MSFT,235.53,385.65,11956
2022-03-03,MSFT,480.82,178.49,87839
2022-03-04,MSFT,395.17,376.03,57227
2022-03-07,MSFT,338.97,256.15,37533
2022-03-08,MSFT,452.36,266.31,96210
2022-03-09,MSFT,119.84,287.67,57234
2022-03-10,MSFT,202.83,247.08,68594
2022-03-11,MSFT,286.01,140.25,57901
2022-03-14,MSFT,190.79,223.85,12519
2022-03-15,MSFT,397.56,365.49,32115
2022-03-16,MSFT,467.68,366.31,67266
2022-03-17,MSFT,269.51,214.49,2832
2022-03-18,MSFT,236.85,284.04,42368
2022-03-21,MSFT,484.62,177.38,89425
2022-03-22,MSFT,277.94,184.15,70715
2022-03-23,MSFT,295.62,109.22,72835
2022-03-24,MSFT,240.66,458.7,74366
2022-03-25,MSFT,463.82,184.28,38570
2022-03-28,MSFT,327.58,191.01,88977
2022-03-29,MSFT,404.87,211.84,7615
2022-03-30,MSFT,424.72,150.96,73298
2022-03-31,MSFT,236.74,355.71,39311
2022-04-01,MSFT,273.48,130.06,91245
2022-04-04,MSFT,439.39,153.68,24434
2022-04-05,MSFT,245.3,357.9,87879
2022-04-06,MSFT,417.57,235.86,16739
2022-04-07,MSFT,476.4,383.18,67202
2022-04-08,MSFT,349.28,322.97,99580
2022-04-11,MSFT,396.65,202.41,94419
2022-04-12,MSFT,422.04,360.33,80599
2022-04-13,MSFT,438.02,146.51,34649
2022-04-14,MSFT,258.02,314.56,48445
2022-04-15,MSFT,120.51,274.86,40470
2022-04-18,MSFT,260.75,207.15,75965
2022-04-19,MSFT,369.5,341.6,49621
2022-04-20,MSFT,280.14,448.53,33926
2022-04-21,MSFT,399.59,499.56,38997
2022-04-22,MSFT,242.79,343.11,60940
2022-04-25,MSFT,353.9,261.88,41724
2022-04-26,MSFT,174.57,190.08,98805
2022-04-27,MSFT,399.75,202.84,32704
2022-04-28,MSFT,318.28,291.78,29391
2022-04-29,MSFT,181.63,246.91,64291
2022-05-02,MSFT,216.76,465.53,90723
2022-05-03,MSFT,399.44,247.32,3526
2022-05-04,MSFT,293.04,249.38,25686
2022-05-05,MSFT,186.41,253.41,74339
2022-05-06,MSFT,486.91,434.65,99204
2022-05-09,MSFT,386.05,360.32,7574
2022-05-10,MSFT,482.85,345.67,9733
2022-05-11,MSFT,270.84,233.66,51290
2022-05-12,MSFT,290.04,427.16,73793
2022-05-13,MSFT,459.18,115.35,37051
2022-05-16,MSFT,310.02,448.32,16909
2022-05-17,MSFT,382.91,305.1,90682
2022-05-18,MSFT,200.87,259.3,78338
2022-05-19,MSFT,278.69,298.87,74432
2022-05-20,MSFT,149.38,366.97,29133
2022-05-23,MSFT,182.39,105.11,52571
2022-05-24,MSFT,100.38,448.62,80062
2022-05-25,MSFT,115.71,278.7,51908
2022-05-26,MSFT,490.91,237.19,12278
2022-05-27,MSFT,196.94,155.3,52458
2022-05-30,MSFT,365.32,275.79,65265
2022-05-31,MSFT,435.64,298.53,57782
2022-06-01,MSFT,320.26,261.46,56415
2022-06-02,MSFT,161.26,371.46,92087
2022-06-03,MSFT,391.25,268.36,55160
2022-06-06,MSFT,340.1,484.57,55399
2022-06-07,MSFT,392.5,339.71,26298
2022-06-08,MSFT,407.9,422.99,23191
2022-06-09,MSFT,490.16,143.74,57964
2022-06-10,MSFT,329.43,258.92,34092
2022-06-13,MSFT,236.66,234.74,90407
2022-06-14,MSFT,359.39,327.79,76257
2022-06-15,MSFT,127.38,444.45,63513
2022-06-16,MSFT,458.96,131.34,52097
2022-06-17,MSFT,147.75,129.03,31279
2022-06-20,MSFT,231.14,440.13,15404
2022-06-21,MSFT,426.3,185.14,71022
2022-06-22,MSFT,338.92,367.5,36198
2022-06-23,MSFT,257.45,317.15,95223
2022-06-24,MSFT,289.37,433.16,50997
2022-06-27,MSFT,441.82,150.04,79692
2022-06-28,MSFT,236.0,151.91,1567
2022-06-29,MSFT,447.86,322.73,62032
2022-06-30,MSFT,135.25,478.55,3179
2022-07-01,MSFT,410.72,266.0,3019
2022-07-04,MSFT,439.02,230.78,82455
2022-07-05,MSFT,172.73,342.68,86239
2022-07-06,MSFT,272.14,472.18,19704
2022-07-07,MSFT,166.2,434.77,19030
2022-07-08,MSFT,382.64,498.19,70445
2022-07-11,MSFT,314.14,109.03,74551
2022-07-12,MSFT,354.13,145.14,4420
2022-07-13,MSFT,178.59,343.79,60875
2022-07-14,MSFT,184.7,428.23,48653
2022-07-15,MSFT,116.6,214.1,17740
2022-07-18,MSFT,228.83,195.68,66263
2022-07-19,MSFT,323.9,414.79,96864
2022-07-20,MSFT,443.17,122.55,65559
2022-07-21,MSFT,366.77,247.75,20465
2022-07-22,MSFT,274.16,302.32,52432
2022-07-25,MSFT,481.25,324.14,5131
2022-07-26,MSFT,387.7,391.45,11652
2022-07-27,MSFT,472.07,241.94,65973
2022-07-28,MSFT,311.04,345.07,88043
2022-07-29,MSFT,203.56,334.15,48147
2022-08-01,MSFT,121.13,319.05,48671
2022-08-02,MSFT,390.43,356.19,90342
2022-08-03,MSFT,148.52,203.78,20171
2022-08-04,MSFT,221.11,133.86,87129
2022-08-05,MSFT,312.99,147.71,56692
2022-08-08,MSFT,325.77,189.83,59541
2022-08-09,MSFT,340.23,300.08,10470
2022-08-10,MSFT,166.5,436.18,62344
2022-08-11,MSFT,251.89,380.52,45308
2022-08-12,MSFT,346.88,415.62,51639
2022-08-15,MSFT,487.93,240.39,22326
2022-08-16,MSFT,391.05,261.86,5597
2022-08-17,MSFT,469.04,257.47,31788
2022-08-18,MSFT,404.88,176.75,66020
2022-08-19,MSFT,336.69,124.49,50477
2022-08-22,MSFT,176.81,336.37,34071
2022-08-23,MSFT,366.67,495.69,71603
2022-08-24,MSFT,349.35,166.73,62923
2022-08-25,MSFT,340.99,118.67,71560
2022-08-26,MSFT,295.91,411.81,74251
2022-08-29,MSFT,311.46,201.03,58492
2022-08-30,MSFT,233.78,431.86,32770
2022-08-31,MSFT,307.73,381.57,77762
2022-09-01,MSFT,179.02,478.27,36399
2022-09-02,MSFT,422.07,263.57,79948
2022-09-05,MSFT,174.31,364.79,58439
2022-09-06,MSFT,133.99,285.94,45415
2022-09-07,MSFT,274.5,352.24,13569
2022-09-08,MSFT,363.32,279.84,3369
2022-09-09,MSFT,275.09,175.45,98557
2022-09-12,MSFT,210.7,303.16,1528
2022-09-13,MSFT,323.27,311.43,31314
2022-09-14,MSFT,238.8,424.24,19047
2022-09-15,MSFT,473.15,394.21,20748
2022-09-16,MSFT,469.06,365.52,36109
2022-09-19,MSFT,300.95,145.35,14919
2022-09-20,MSFT,231.15,388.25,48498
2022-09-21,MSFT,394.85,300.12,56808
2022-09-22,MSFT,114.69,457.64,81792
2022-09-23,MSFT,289.91,467.95,71441
2022-09-26,MSFT,234.53,122.06,75420
2022-09-27,MSFT,468.21,428.26,29906
2022-09-28,MSFT,104.8,115.08,72486
2022-09-29,MSFT,321.13,246.87,67896
2022-09-30,MSFT,396.27,316.92,22946
2022-10-03,MSFT,294.01,159.24,48020
2022-10-04,MSFT,134.16,398.53,75266
2022-10-05,MSFT,488.98,103.34,23161
2022-10-06,MSFT,307.2,167.44,28738
2022-10-07,MSFT,345.67,332.32,4925
2022-10-10,MSFT,194.64,385.76,9463
2022-10-11,MSFT,293.4,466.66,58153
2022-10-12,MSFT,271.66,382.2,83948
2022-10-13,MSFT,129.96,368.71,62009
2022-10-14,MSFT,142.46,257.74,88938
2022-10-17,MSFT,434.99,100.51,92253
2022-10-18,MSFT,195.93,148.06,42552
2022-10-19,MSFT,177.98,313.82,57271
2022-10-20,MSFT,301.96,370.05,10797
2022-10-21,MSFT,407.5,266.98,87130
2022-10-24,MSFT,124.78,392.27,72942
2022-10-25,MSFT,330.72,308.74,14965
2022-10-26,MSFT,147.68,129.67,14733
2022-10-27,MSFT,114.58,176.81,54223
2022-10-28,MSFT,121.1,436.0,27926
2022-10-31,MSFT,433.67,389.97,29783
2022-11-01,MSFT,147.19,457.9,84360
2022-11-02,MSFT,118.06,147.02,37394
2022-11-03,MSFT,275.16,496.09,65796
2022-11-04,MSFT,437.6,183.76,29287
2022-11-07,MSFT,204.96,104.71,83104
2022-11-08,MSFT,268.69,498.97,31436
2022-11-09,MSFT,115.97,212.43,87916
2022-11-10,MSFT,279.63,367.21,91332
2022-11-11,MSFT,331.05,170.67,74567
2022-11-14,MSFT,328.36,332.09,88483
2022-11-15,MSFT,232.97,461.61,4188
2022-11-16,MSFT,226.21,228.07,92205
2022-11-17,MSFT,142.65,368.1,98349
2022-11-18,MSFT,246.72,175.16,7765
2022-11-21,MSFT,139.8,349.92,52626
2022-11-22,MSFT,406.64,234.58,89707
2022-11-23,MSFT,486.51,184.48,11807
2022-11-24,MSFT,488.03,225.27,11204
2022-11-25,MSFT,446.03,171.54,93602
2022-11-28,MSFT,340.32,460.77,58944
2022-11-29,MSFT,380.35,258.87,43120
2022-11-30,MSFT,214.08,198.11,23658
2022-12-01,MSFT,352.31,279.36,38081
2022-12-02,MSFT,282.26,228.21,35986
2022-12-05,MSFT,292.81,397.77,80322
2022-12-06,MSFT,403.11,488.49,95819
2022-12-07,MSFT,212.77,275.21,51304
2022-12-08,MSFT,227.22,444.41,66592
2022-12-09,MSFT,469.86,326.35,59548
2022-12-12,MSFT,122.49,162.89,99447
2022-12-13,MSFT,294.25,376.25,40986
2022-12-14,MSFT,465.12,305.37,75095
2022-12-15,MSFT,344.15,360.24,92594
2022-12-16,MSFT,318.56,455.87,89281
2022-12-19,MSFT,199.9,276.17,67151
2022-12-20,MSFT,237.31,460.47,74598
2022-12-21,MSFT,440.82,400.27,29214
2022-12-22,MSFT,323.69,295.44,39745
2022-12-23,MSFT,305.9,341.29,43548
2022-12-26,MSFT,139.83,230.23,11681
2022-12-27,MSFT,106.41,493.44,7984
2022-12-28,MSFT,485.47,366.94,28579
2022-12-29,MSFT,250.79,117.54,91810
2022-12-30,MSFT,341.29,230.65,55933
2023-01-02,MSFT,131.89,349.33,28399
2023-01-03,MSFT,373.25,122.53,32481
2023-01-04,MSFT,473.03,109.55,1944
2023-01-05,MSFT,330.27,280.01,94993
2023-01-06,MSFT,150.45,233.08,10114
2023-01-09,MSFT,332.69,275.32,40846
2023-01-10,MSFT,406.54,205.08,84666
2023-01-11,MSFT,262.57,165.89,78848
2023-01-12,MSFT,451.94,375.66,33596
2023-01-13,MSFT,359.47,305.83,76287
2023-01-16,MSFT,459.7,180.06,7907
2023-01-17,MSFT,349.4,227.84,29114
2023-01-18,MSFT,152.52,336.72,26009
2023-01-19,MSFT,223.88,128.89,85846
2023-01-20,MSFT,180.72,158.98,51241
2023-01-23,MSFT,463.53,129.3,36725
2023-01-24,MSFT,404.16,424.93,19996
2023-01-25,MSFT,370.56,400.96,7047
2023-01-26,MSFT,220.39,401.33,29767
2023-01-27,MSFT,173.62,386.53,17347
2023-01-30,MSFT,402.58,367.75,25102
2023-01-31,MSFT,289.66,290.8,5263
2023-02-01,MSFT,190.32,356.91,68438
2023-02-02,MSFT,346.65,115.34,97359
2023-02-03,MSFT,116.13,348.59,31540
2023-02-06,MSFT,230.47,411.15,76726
2023-02-07,MSFT,287.42,300.14,64769
2023-02-08,MSFT,159.18,243.01,41843
2023-02-09,MSFT,493.86,210.97,28690
2023-02-10,MSFT,183.64,357.12,3994
2023-02-13,MSFT,152.14,377.12,68546
2023-02-14,MSFT,181.41,448.39,8377
2023-02-15,MSFT,407.62,236.93,79572
2023-02-16,MSFT,270.2,407.91,27467
2023-02-17,MSFT,326.17,324.54,1048
2023-02-20,MSFT,108.4,453.13,37978
2023-02-21,MSFT,113.77,311.12,48606
2023-02-22,MSFT,278.33,307.05,82574
2023-02-23,MSFT,426.66,331.15,99112
2023-02-24,MSFT,454.1,399.73,74414
2023-02-27,MSFT,134.68,485.88,94145
2023-02-28,MSFT,315.35,129.43,50222
2023-03-01,MSFT,465.29,121.37,49115
2023-03-02,MSFT,255.19,475.02,90606
2023-03-03,MSFT,431.83,311.95,41647
2023-03-06,MSFT,153.48,345.96,55607
2023-03-07,MSFT,474.16,292.97,58410
2023-03-08,MSFT,400.57,137.46,22996
2023-03-09,MSFT,476.53,407.24,55921
2023-03-10,MSFT,370.65,398.89,84697
2023-03-13,MSFT,245.36,224.68,47022
2023-03-14,MSFT,475.27,222.5,41148
2023-03-15,MSFT,210.23,435.14,68764
2023-03-16,MSFT,232.87,128.94,92901
2023-03-17,MSFT,380.32,452.44,91724
2023-03-20,MSFT,406.13,202.66,9888
2023-03-21,MSFT,471.76,337.19,89666
2023-03-22,MSFT,181.92,474.4,40159
2023-03-23,MSFT,419.2,371.25,43197
2023-03-24,MSFT,395.42,265.77,85326
2023-03-27,MSFT,125.52,375.81,91360
2023-03-28,MSFT,254.89,237.59,99941
2023-03-29,MSFT,213.11,210.9,25474
2023-03-30,MSFT,221.8,498.67,18333
2023-03-31,MSFT,493.18,400.32,37355
2023-04-03,MSFT,357.11,357.89,74903
2023-04-04,MSFT,387.07,242.12,67258
2023-04-05,MSFT,490.65,119.66,32145
2023-04-06,MSFT,250.88,112.42,76675
2023-04-07,MSFT,420.74,321.67,50854
2023-04-10,MSFT,273.81,404.81,68664
2023-04-11,MSFT,447.81,314.95,87153
2023-04-12,MSFT,172.26,436.31,94616
2023-04-13,MSFT,479.07,113.37,36285
2023-04-14,MSFT,187.51,246.7,18533
2023-04-17,MSFT,230.49,194.83,33624
2023-04-18,MSFT,402.48,278.91,47996
2023-04-19,MSFT,257.5,128.95,47947
2023-04-20,MSFT,343.28,481.65,28956
2023-04-21,MSFT,277.83,189.3,52030
2023-04-24,MSFT,396.95,468.92,59597
2023-04-25,MSFT,191.33,270.36,43443
2023-04-26,MSFT,123.38,494.21,99613
2023-04-27,MSFT,219.97,321.62,66464
2023-04-28,MSFT,289.72,472.33,4952
2023-05-01,MSFT,167.21,102.14,57880
2023-05-02,MSFT,241.92,399.3,53201
2023-05-03,MSFT,259.99,461.22,43460
2023-05-04,MSFT,122.96,155.89,23796
2023-05-05,MSFT,333.32,138.45,32746
2023-05-08,MSFT,453.74,269.83,87785
2023-05-09,MSFT,160.7,473.47,1015
2023-05-10,MSFT,339.12,316.95,50757
2023-05-11,MSFT,365.9,310.98,26957
2023-05-12,MSFT,267.73,156.45,82541
2023-05-15,MSFT,380.44,100.32,22292
2023-05-16,MSFT,264.29,424.06,32876
2023-05-17,MSFT,301.85,135.03,61727
2023-05-18,MSFT,102.94,353.54,48046
2023-05-19,MSFT,376.69,465.85,15817
2023-05-22,MSFT,364.54,183.46,92006
2023-05-23,MSFT,115.36,366.11,10759
2023-05-24,MSFT,247.3,131.48,49432
2023-05-25,MSFT,491.61,341.5,7412
2023-05-26,MSFT,268.29,165.57,58757
2023-05-29,MSFT,300.78,394.38,21504
2023-05-30,MSFT,463.97,220.49,9507
2023-05-31,MSFT,386.9,285.36,22050
2023-06-01,MSFT,332.83,339.77,5820
2023-06-02,MSFT,419.12,168.51,8835
2023-06-05,MSFT,445.75,396.66,94167
2023-06-06,MSFT,282.76,221.06,14587
2023-06-07,MSFT,290.04,364.95,58732
2023-06-08,MSFT,254.42,163.31,52921
2023-06-09,MSFT,486.68,375.25,46499
2023-06-12,MSFT,378.87,151.28,7840
2023-06-13,MSFT,133.29,270.14,66077
2023-06-14,MSFT,445.18,198.88,32440
2023-06-15,MSFT,292.22,399.35,36183
2023-06-16,MSFT,127.5,204.81,97172
2023-06-19,MSFT,319.89,452.69,3389
2023-06-20,MSFT,266.87,456.73,56076
2023-06-21,MSFT,451.1,178.58,67299
2023-06-22,MSFT,181.6,345.54,90461
2023-06-23,MSFT,430.59,135.09,93085
2023-06-26,MSFT,323.08,256.61,40023
2023-06-27,MSFT,121.84,385.33,51029
2023-06-28,MSFT,488.74,363.77,40941
2023-06-29,MSFT,305.05,349.88,89993
2023-06-30,MSFT,216.35,213.02,54950
2023-07-03,MSFT,287.76,251.21,87959
2023-07-04,MSFT,443.14,141.18,77054
2023-07-05,MSFT,221.96,387.61,66363
2023-07-06,MSFT,177.07,301.56,62742
2023-07-07,MSFT,151.63,383.51,98896
2023-07-10,MSFT,219.14,199.58,46215
2023-07-11,MSFT,412.02,229.78,48857
2023-07-12,MSFT,288.65,233.69,56476
2023-07-13,MSFT,190.99,110.3,29173
2023-07-14,MSFT,166.47,236.42,10395
2023-07-17,MSFT,233.09,421.32,60768
2023-07-18,MSFT,475.97,458.92,85743
2023-07-19,MSFT,237.21,307.29,47229
2023-07-20,MSFT,495.25,282.2,27639
2023-07-21,MSFT,294.09,112.33,63583
2023-07-24,MSFT,171.67,451.68,29924
2023-07-25,MSFT,456.46,105.2,73969
2023-07-26,MSFT,284.14,477.9,31104
2023-07-27,MSFT,383.87,295.69,38594
2023-07-28,MSFT,493.48,236.77,4664
2023-07-31,MSFT,120.07,469.69,11528
2023-08-01,MSFT,138.68,109.76,29190
2023-08-02,MSFT,388.18,332.57,67033
2023-08-03,MSFT,212.73,319.57,62161
2023-08-04,MSFT,173.72,187.73,74177
2023-08-07,MSFT,115.74,271.55,71179
2023-08-08,MSFT,108.74,360.91,71592
2023-08-09,MSFT,409.79,390.85,33899
2023-08-10,MSFT,153.77,100.29,71979
2023-08-11,MSFT,287.09,474.74,18241
2023-08-14,MSFT,342.36,165.81,47211
2023-08-15,MSFT,271.34,193.43,64472
2023-08-16,MSFT,110.84,205.39,75248
2023-08-17,MSFT,413.4,115.13,74757
2023-08-18,MSFT,104.21,149.22,32346
2023-08-21,MSFT,404.76,494.54,82196
2023-08-22,MSFT,457.32,226.09,78124
2023-08-23,MSFT,273.14,146.12,43220
2023-08-24,MSFT,314.22,142.8,18942
2023-08-25,MSFT,290.79,387.78,50167
2023-08-28,MSFT,255.68,441.83,37373
2023-08-29,MSFT,454.97,202.78,68143
2023-08-30,MSFT,457.57,108.36,3016
2023-08-31,MSFT,234.33,189.24,70110
2023-09-01,MSFT,346.03,122.61,47309
2023-09-04,MSFT,470.76,141.36,8274
2023-09-05,MSFT,484.82,272.6,16748
2023-09-06,MSFT,303.58,191.97,21175
2023-09-07,MSFT,281.13,306.38,12826
2023-09-08,MSFT,211.48,201.4,84008
2023-09-11,MSFT,483.55,476.21,35129
2023-09-12,MSFT,157.13,462.38,71009
2023-09-13,MSFT,331.93,326.72,24490
2023-09-14,MSFT,213.02,241.77,42435
2023-09-15,MSFT,211.6,252.46,76017
2023-09-18,MSFT,261.99,264.74,9520
2023-09-19,MSFT,499.52,391.03,92951
2023-09-20,MSFT,121.99,280.66,84106
2023-09-21,MSFT,331.42,442.69,62877
2023-09-22,MSFT,133.03,477.64,20798
2023-09-25,MSFT,161.81,234.38,55638
2023-09-26,MSFT,275.83,324.28,70072
2023-09-27,MSFT,304.18,138.02,68309
2023-09-28,MSFT,203.52,180.19,30894
2023-09-29,MSFT,226.58,265.39,63963
2023-10-02,MSFT,134.79,182.48,55567
2023-10-03,MSFT,221.29,450.62,36326
2023-10-04,MSFT,486.62,163.31,56059
2023-10-05,MSFT,477.88,282.26,6079
2023-10-06,MSFT,233.95,342.28,26838
2023-10-09,MSFT,328.34,376.75,88340
2023-10-10,MSFT,463.84,253.23,48109
2023-10-11,MSFT,102.47,447.64,86211
2023-10-12,MSFT,424.27,327.33,26594
2023-10-13,MSFT,479.35,275.8,43749
2023-10-16,MSFT,136.53,126.9,37292
2023-10-17,MSFT,164.58,285.88,75534
2023-10-18,MSFT,484.3,428.29,80233
2023-10-19,MSFT,315.02,345.82,52818
2023-10-20,MSFT,105.68,432.86,14429
2023-10-23,MSFT,203.05,297.6,58748
2023-10-24,MSFT,279.98,147.38,49807
2023-10-25,MSFT,377.16,105.46,8140
2023-10-26,MSFT,393.26,221.29,64226
2023-10-27,MSFT,498.17,379.2,15901
2023-10-30,MSFT,215.0,416.1,89815
2023-10-31,MSFT,315.29,218.3,29525
2023-11-01,MSFT,313.33,298.26,21491
2023-11-02,MSFT,262.26,268.45,69816
2023-11-03,MSFT,167.66,264.21,35980
2023-11-06,MSFT,490.98,192.54,96525
2023-11-07,MSFT,441.33,154.55,9078
2023-11-08,MSFT,299.33,178.68,92654
2023-11-09,MSFT,341.3,122.13,90521
2023-11-10,MSFT,190.9,179.25,49704
2023-11-13,MSFT,317.51,103.68,17997
2023-11-14,MSFT,377.99,350.9,80810
2023-11-15,MSFT,306.07,226.55,1868
2023-11-16,MSFT,496.11,489.26,27398
2023-11-17,MSFT,344.54,177.49,82578
2023-11-20,MSFT,248.39,238.33,98356
2023-11-21,MSFT,408.86,243.14,22246
2023-11-22,MSFT,168.19,103.38,21561
2023-11-23,MSFT,253.81,435.68,17254
2023-11-24,MSFT,238.78,112.8,35512
2023-11-27,MSFT,272.72,476.07,90532
2023-11-28,MSFT,412.71,456.83,95154
2023-11-29,MSFT,293.67,314.21,78395
2023-11-30,MSFT,417.61,317.44,58865
2023-12-01,MSFT,330.6,361.51,24580
