transaction_id,account_id,transaction_type,amount,timestamp
T000001,A00069,Trade,2590.97,2024-07-09 13:10:12
T000002,A00004,Trade,1557.99,2024-09-27 07:18:11
T000003,A00016,Withdrawal,2868.61,2025-03-07 19:24:55
T000004,A00024,Trade,3475.54,2025-04-23 18:47:38
T000005,A00080,Withdrawal,4379.28,2023-11-01 07:10:13
T000006,A00002,Withdrawal,3217.83,2023-06-29 15:41:54
T000007,A00128,Withdrawal,3829.5,2024-06-22 22:58:35
T000008,A00084,Withdrawal,884.35,2025-02-15 17:57:53
T000009,A00140,Deposit,2361.63,2024-06-26 00:35:26
T000010,A00124,Deposit,145.72,2024-05-10 18:48:43
T000011,A00033,Trade,1308.73,2023-02-11 06:03:59
T000012,A00101,Deposit,3659.66,2023-11-23 23:56:27
T000013,A00012,Deposit,4959.87,2023-02-12 20:32:41
T000014,A00067,Trade,585.97,2022-12-29 07:53:37
T000015,A00065,Trade,2067.32,2024-09-20 22:35:08
T000016,A00074,Trade,4020.35,2024-06-22 11:36:49
T000017,A00043,Deposit,1099.77,2023-03-07 19:39:35
T000018,A00044,Deposit,2819.92,2024-09-14 02:11:18
T000019,A00029,Trade,3692.05,2025-02-15 22:15:09
T000020,A00141,Withdrawal,3118.33,2022-08-25 03:33:04
T000021,A00012,Trade,1021.32,2024-08-16 19:55:31
T000022,A00095,Withdrawal,1841.38,2022-07-17 10:54:09
T000023,A00046,Withdrawal,3940.58,2022-09-18 09:06:00
T000024,A00130,Trade,2815.71,2025-03-28 22:44:34
T000025,A00035,Trade,125.63,2022-08-09 06:36:33
T000026,A00081,Trade,3828.85,2022-06-04 19:52:04
T000027,A00090,Deposit,273.03,2024-02-25 12:57:29
T000028,A00008,Withdrawal,3754.1,2022-12-25 11:55:02
T000029,A00093,Deposit,1092.15,2025-01-29 16:07:24
T000030,A00090,Deposit,4794.56,2023-05-20 10:19:26
T000031,A00115,Trade,1902.91,2022-09-08 11:53:24
T000032,A00105,Deposit,1701.96,2023-01-15 12:39:18
T000033,A00135,Trade,829.55,2022-06-09 02:40:48
T000034,A00058,Withdrawal,1597.46,2023-04-30 16:19:19
T000035,A00114,Trade,4395.59,2024-07-19 12:57:05
T000036,A00075,Deposit,4982.04,2024-05-03 07:08:02
T000037,A00120,Deposit,1904.72,2023-12-26 15:47:31
T000038,A00021,Trade,2298.19,2022-08-27 19:36:19
T000039,A00138,Trade,3638.15,2025-01-09 16:25:43
T000040,A00101,Deposit,4442.36,2025-02-09 14:06:24
T000041,A00099,Withdrawal,3005.92,2025-03-26 16:16:46
T000042,A00036,Withdrawal,2018.48,2025-01-07 15:22:09
T000043,A00096,Trade,2121.85,2024-06-14 13:01:05
T000044,A00037,Withdrawal,3508.53,2025-03-15 01:45:48
T000045,A00012,Deposit,115.77,2024-06-21 18:23:29
T000046,A00113,Trade,3135.99,2022-06-19 08:23:04
T000047,A00013,Deposit,1841.92,2022-06-05 04:23:17
T000048,A00023,Deposit,3991.57,2024-08-29 16:10:52
T000049,A00099,Withdrawal,555.65,2024-09-28 20:37:27
T000050,A00105,Trade,2982.19,2024-02-23 21:40:22
T000051,A00030,Trade,2456.77,2022-06-13 07:41:52
T000052,A00017,Withdrawal,3247.4,2022-06-20 21:27:27
T000053,A00113,Deposit,417.78,2024-08-25 07:58:55
T000054,A00062,Deposit,2941.92,2023-07-26 16:56:19
T000055,A00084,Deposit,2851.27,2024-09-04 03:37:32
T000056,A00112,Deposit,2847.23,2023-08-14 06:23:06
T000057,A00086,Trade,3057.09,2022-06-21 12:59:02
T000058,A00141,Trade,3414.69,2024-07-14 01:49:56
T000059,A00019,Withdrawal,4044.45,2025-05-13 23:56:01
T000060,A00100,Withdrawal,1422.12,2025-04-06 23:37:53
T000061,A00140,Trade,4142.74,2024-03-24 18:47:39
T000062,A00147,Trade,2541.45,2023-02-28 09:24:50
T000063,A00076,Deposit,477.59,2022-11-08 03:43:23
T000064,A00009,Deposit,386.9,2022-10-22 12:42:13
T000065,A00028,Withdrawal,1737.77,2024-08-17 12:21:59
T000066,A00128,Trade,3946.0,2023-01-12 05:09:44
T000067,A00052,Withdrawal,3567.64,2023-06-04 05:49:51
T000068,A00083,Trade,3964.21,2023-03-20 01:36:26
T000069,A00111,Deposit,2634.62,2025-01-12 16:57:58
T000070,A00144,Withdrawal,2256.98,2024-08-20 17:33:48
T000071,A00117,Withdrawal,822.52,2023-06-22 00:41:38
T000072,A00069,Trade,1708.14,2023-11-27 12:23:01
T000073,A00099,Deposit,2226.69,2023-07-15 04:27:00
T000074,A00140,Withdrawal,534.14,2024-02-01 11:13:58
T000075,A00025,Deposit,1181.0,2022-09-25 15:54:45
T000076,A00123,Withdrawal,3031.3,2023-12-26 10:13:57
T000077,A00053,Deposit,3704.75,2024-02-15 15:39:38
T000078,A00144,Trade,4991.9,2024-05-07 22:32:16
T000079,A00057,Withdrawal,4672.26,2024-10-19 14:40:11
T000080,A00039,Withdrawal,3248.57,2023-06-07 17:18:32
T000081,A00109,Deposit,2164.12,2025-05-13 00:42:56
T000082,A00042,Deposit,3217.27,2023-05-11 18:25:49
T000083,A00142,Withdrawal,3949.69,2023-09-03 21:43:36
T000084,A00122,Trade,679.85,2025-04-22 12:46:54
T000085,A00133,Deposit,2108.53,2022-09-28 03:28:41
T000086,A00075,Deposit,4215.03,2025-03-06 10:53:44
T000087,A00146,Deposit,1980.78,2025-02-28 11:40:58
T000088,A00076,Withdrawal,2902.17,2022-07-14 03:08:44
T000089,A00009,Withdrawal,2980.07,2022-10-18 03:48:47
T000090,A00074,Withdrawal,1003.93,2024-02-14 11:43:54
T000091,A00145,Withdrawal,1874.95,2024-01-05 01:50:57
T000092,A00007,Trade,1739.11,2024-01-01 19:45:44
T000093,A00141,Trade,228.36,2024-09-30 12:03:53
T000094,A00137,Withdrawal,218.54,2024-06-03 08:37:05
T000095,A00027,Trade,4175.32,2022-08-21 01:58:41
T000096,A00122,Deposit,1438.05,2025-02-08 01:33:02
T000097,A00005,Deposit,2638.59,2022-06-09 14:11:22
T000098,A00029,Deposit,1563.76,2025-05-21 17:49:41
T000099,A00083,Withdrawal,4709.33,2023-02-16 03:30:16
T000100,A00136,Deposit,1370.55,2022-10-01 08:37:25
T000101,A00109,Trade,2205.32,2024-07-10 09:55:59
T000102,A00065,Withdrawal,4376.38,2024-03-29 23:11:09
T000103,A00086,Trade,4225.47,2025-02-20 17:44:46
T000104,A00145,Deposit,1011.9,2023-10-22 12:31:31
T000105,A00071,Deposit,4032.95,2024-10-20 22:31:32
T000106,A00045,Deposit,2345.12,2022-10-21 01:12:30
T000107,A00132,Withdrawal,2466.55,2024-08-23 09:03:47
T000108,A00036,Trade,754.05,2022-07-31 00:18:22
T000109,A00070,Withdrawal,494.95,2023-05-17 20:10:39
T000110,A00019,Withdrawal,3666.9,2023-04-19 08:03:38
T000111,A00108,Deposit,2532.66,2025-05-05 08:13:05
T000112,A00091,Withdrawal,2240.57,2024-10-22 09:06:22
T000113,A00090,Withdrawal,3674.59,2024-06-02 13:47:50
T000114,A00019,Deposit,3851.01,2023-07-21 01:01:04
T000115,A00039,Withdrawal,878.65,2022-08-06 05:49:03
T000116,A00126,Deposit,3090.1,2022-09-18 09:45:29
T000117,A00141,Deposit,763.24,2025-04-23 03:12:52
T000118,A00126,Deposit,3781.74,2023-08-04 10:55:30
T000119,A00058,Deposit,3319.08,2024-09-15 11:30:48
T000120,A00148,Withdrawal,4787.41,2024-10-17 07:01:55
T000121,A00061,Deposit,437.89,2025-03-13 05:57:09
T000122,A00127,Deposit,379.57,2022-07-16 00:31:44
T000123,A00105,Withdrawal,1482.72,2023-02-28 12:40:55
T000124,A00001,Withdrawal,1382.36,2023-09-26 10:42:03
T000125,A00131,Trade,1310.2,2022-06-19 05:38:15
T000126,A00092,Withdrawal,4540.65,2023-04-12 17:16:33
T000127,A00113,Withdrawal,1322.78,2024-11-22 20:09:14
T000128,A00056,Trade,1432.55,2023-01-04 21:42:45
T000129,A00117,Withdrawal,3821.05,2024-02-03 15:24:48
T000130,A00134,Withdrawal,2303.73,2022-09-22 10:17:57
T000131,A00058,Withdrawal,3905.88,2023-09-02 19:42:46
T000132,A00044,Withdrawal,420.29,2023-02-02 06:26:45
T000133,A00061,Trade,2489.1,2024-10-17 23:44:50
T000134,A00047,Withdrawal,264.71,2023-06-03 11:18:53
T000135,A00149,Withdrawal,407.0,2024-10-22 05:49:00
T000136,A00080,Trade,4541.54,2024-01-20 10:40:17
T000137,A00118,Deposit,782.3,2025-04-11 15:33:16
T000138,A00147,Trade,2708.86,2024-09-11 15:29:23
T000139,A00020,Deposit,2114.37,2023-10-23 05:38:47
T000140,A00146,Trade,1801.98,2024-01-12 04:41:08
T000141,A00047,Trade,4509.18,2022-12-29 07:35:52
T000142,A00049,Withdrawal,206.93,2025-04-30 17:13:16
T000143,A00014,Deposit,3352.57,2022-09-24 17:51:28
T000144,A00143,Withdrawal,4820.63,2024-07-11 20:46:20
T000145,A00001,Deposit,2844.82,2023-11-14 04:26:18
T000146,A00117,Trade,4690.43,2022-08-17 07:48:35
T000147,A00054,Trade,356.06,2022-10-24 15:51:06
T000148,A00118,Deposit,2152.09,2024-04-03 21:41:34
T000149,A00003,Withdrawal,1374.77,2023-05-21 12:49:02
T000150,A00144,Withdrawal,3681.02,2022-09-21 00:01:38
T000151,A00012,Withdrawal,4908.36,2023-11-06 00:04:46
T000152,A00074,Withdrawal,1357.0,2024-12-21 00:11:15
T000153,A00016,Trade,3305.46,2025-01-03 12:24:58
T000154,A00102,Trade,1070.68,2024-12-06 03:45:43
T000155,A00117,Trade,2870.12,2024-02-01 04:01:23
T000156,A00008,Trade,2373.27,2023-10-14 22:03:54
T000157,A00122,Trade,4862.83,2022-07-10 22:23:10
T000158,A00092,Withdrawal,3081.78,2025-02-03 23:40:43
T000159,A00090,Withdrawal,1812.58,2023-07-24 12:13:54
T000160,A00136,Withdrawal,659.07,2024-04-24 19:35:25
T000161,A00060,Withdrawal,841.11,2024-06-26 00:53:03
T000162,A00028,Trade,1204.05,2023-05-15 07:28:38
T000163,A00101,Trade,1329.74,2023-11-29 15:27:52
T000164,A00041,Trade,4268.02,2024-10-01 00:36:08
T000165,A00145,Deposit,2849.99,2023-12-30 02:47:40
T000166,A00141,Withdrawal,2664.62,2024-03-26 18:19:12
T000167,A00046,Withdrawal,662.37,2023-03-10 10:40:13
T000168,A00035,Trade,4314.68,2025-04-15 18:43:21
T000169,A00134,Withdrawal,3641.79,2024-11-21 00:52:09
T000170,A00082,Withdrawal,431.57,2025-03-17 05:29:44
T000171,A00115,Trade,3568.39,2024-01-06 07:59:58
T000172,A00047,Deposit,2763.34,2022-10-06 00:46:11
T000173,A00010,Deposit,500.45,2025-01-10 21:32:01
T000174,A00056,Deposit,2345.67,2023-08-27 18:24:24
T000175,A00030,Trade,2475.01,2023-06-12 18:10:31
T000176,A00109,Withdrawal,912.3,2022-09-17 02:23:22
T000177,A00005,Trade,4733.92,2022-09-30 08:27:37
T000178,A00119,Trade,4264.88,2023-07-16 04:34:59
T000179,A00033,Withdrawal,3378.21,2023-01-20 11:38:09
T000180,A00118,Deposit,2365.25,2024-01-06 05:17:17
T000181,A00065,Deposit,2117.65,2025-02-03 15:23:58
T000182,A00146,Trade,3289.77,2023-01-20 13:43:15
T000183,A00011,Deposit,2772.62,2024-01-21 04:01:18
T000184,A00085,Trade,405.14,2023-09-29 20:28:54
T000185,A00026,Trade,2611.26,2023-12-07 05:44:27
T000186,A00063,Withdrawal,4051.38,2022-11-07 10:22:04
T000187,A00086,Withdrawal,2350.28,2022-10-15 01:59:26
T000188,A00059,Withdrawal,354.59,2022-06-02 23:33:12
T000189,A00027,Trade,3952.76,2023-09-16 18:54:19
T000190,A00098,Withdrawal,1086.68,2024-04-15 18:48:59
T000191,A00105,Deposit,1367.24,2023-12-06 00:33:30
T000192,A00099,Deposit,907.06,2023-07-18 23:29:01
T000193,A00129,Trade,1718.05,2022-10-31 17:19:30
T000194,A00149,Trade,3808.08,2022-12-17 18:04:51
T000195,A00055,Withdrawal,2644.99,2022-10-08 12:32:18
T000196,A00006,Trade,1103.92,2023-03-13 00:20:01
T000197,A00095,Trade,4401.37,2024-03-25 09:56:33
T000198,A00133,Deposit,4409.95,2024-04-22 03:58:00
T000199,A00102,Deposit,4365.83,2024-10-07 03:46:07
T000200,A00003,Withdrawal,1270.1,2024-10-03 16:04:04
T000201,A00023,Trade,2311.07,2024-07-29 23:02:28
T000202,A00053,Trade,4926.45,2024-02-18 18:51:04
T000203,A00083,Deposit,3882.86,2022-11-02 08:54:04
T000204,A00145,Trade,233.12,2022-07-05 16:58:35
T000205,A00085,Deposit,419.5,2022-10-12 03:05:39
T000206,A00078,Withdrawal,2373.26,2023-11-26 16:44:33
T000207,A00110,Deposit,4555.18,2024-10-02 20:40:25
T000208,A00001,Trade,2739.64,2022-10-17 11:32:55
T000209,A00051,Withdrawal,2539.28,2024-12-08 04:49:19
T000210,A00004,Deposit,616.82,2024-12-09 22:33:01
T000211,A00113,Deposit,3318.22,2023-10-11 21:30:03
T000212,A00032,Withdrawal,4128.31,2024-01-14 08:34:20
T000213,A00034,Withdrawal,1964.06,2022-06-14 01:57:11
T000214,A00092,Deposit,3900.5,2023-08-22 06:43:10
T000215,A00095,Trade,4825.94,2024-02-27 17:49:09
T000216,A00072,Deposit,1098.46,2024-01-18 08:04:37
T000217,A00039,Withdrawal,2664.32,2022-10-04 11:41:18
T000218,A00118,Deposit,1506.98,2024-10-11 02:53:45
T000219,A00003,Withdrawal,3984.99,2023-06-06 23:57:31
T000220,A00123,Withdrawal,2930.21,2024-10-30 10:05:31
T000221,A00050,Trade,3209.45,2024-08-12 10:02:48
T000222,A00012,Withdrawal,4009.78,2023-02-13 08:22:16
T000223,A00054,Withdrawal,2040.26,2025-04-24 12:17:37
T000224,A00133,Trade,4583.94,2024-01-07 08:34:49
T000225,A00057,Withdrawal,2711.84,2023-02-13 05:20:41
T000226,A00145,Trade,873.98,2022-12-27 14:11:39
T000227,A00112,Trade,3509.91,2023-07-17 15:53:14
T000228,A00047,Withdrawal,3986.98,2023-09-05 16:50:56
T000229,A00085,Withdrawal,1652.13,2023-07-16 20:47:32
T000230,A00142,Deposit,4300.18,2024-06-29 22:51:17
T000231,A00066,Trade,4540.1,2023-01-07 14:42:22
T000232,A00075,Deposit,1456.83,2022-09-01 04:37:55
T000233,A00103,Withdrawal,4919.26,2023-02-09 15:48:19
T000234,A00038,Deposit,789.49,2024-03-31 03:46:03
T000235,A00050,Trade,1089.88,2023-07-28 14:27:57
T000236,A00098,Deposit,1002.7,2024-03-10 01:41:41
T000237,A00082,Trade,4480.55,2023-09-03 13:26:08
T000238,A00030,Withdrawal,3306.03,2024-06-16 03:18:48
T000239,A00079,Withdrawal,845.31,2022-09-22 09:41:52
T000240,A00091,Trade,2257.58,2023-12-07 21:34:27
T000241,A00052,Withdrawal,3114.96,2023-06-20 21:54:28
T000242,A00079,Withdrawal,508.97,2023-06-12 23:24:20
T000243,A00030,Withdrawal,4423.84,2025-01-20 20:48:23
T000244,A00106,Withdrawal,4037.66,2024-07-04 02:42:58
T000245,A00051,Trade,2575.51,2024-12-03 08:34:07
T000246,A00081,Deposit,4838.92,2025-01-07 20:56:26
T000247,A00133,Deposit,2147.03,2023-03-25 16:25:40
T000248,A00029,Withdrawal,4922.14,2024-05-06 04:10:50
T000249,A00132,Deposit,3372.81,2022-11-08 02:04:50
T000250,A00138,Deposit,3209.89,2022-12-22 09:16:38
T000251,A00145,Withdrawal,913.18,2023-09-11 04:20:06
T000252,A00074,Withdrawal,4421.45,2022-06-05 10:10:02
T000253,A00017,Deposit,2194.7,2024-01-30 14:19:40
T000254,A00084,Trade,894.94,2023-10-23 23:49:01
T000255,A00069,Withdrawal,161.78,2025-01-13 08:18:08
T000256,A00034,Trade,2842.8,2024-01-06 01:11:08
T000257,A00006,Deposit,2684.26,2023-10-19 20:04:02
T000258,A00053,Withdrawal,3624.83,2024-04-08 18:33:42
T000259,A00126,Trade,4462.26,2023-10-27 21:43:57
T000260,A00043,Withdrawal,489.09,2024-03-24 20:23:52
T000261,A00115,Deposit,3684.33,2025-03-02 06:16:29
T000262,A00111,Trade,1018.32,2024-12-04 06:26:09
T000263,A00080,Deposit,4305.07,2022-12-23 08:56:59
T000264,A00095,Deposit,4113.41,2023-09-04 14:54:03
T000265,A00118,Withdrawal,2749.89,2023-10-06 01:07:30
T000266,A00144,Trade,3580.19,2024-12-17 23:12:27
T000267,A00008,Deposit,1640.32,2025-05-10 00:14:14
T000268,A00132,Deposit,2408.72,2023-04-02 22:08:52
T000269,A00104,Trade,4126.02,2024-06-08 00:38:21
T000270,A00132,Deposit,2350.4,2023-09-25 23:27:48
T000271,A00025,Deposit,1853.21,2023-02-25 20:39:32
T000272,A00096,Trade,2521.64,2024-02-03 13:18:33
T000273,A00093,Trade,4158.42,2023-10-03 16:10:34
T000274,A00061,Trade,1742.52,2023-08-21 15:50:10
T000275,A00122,Trade,951.43,2025-05-09 11:45:54
T000276,A00051,Withdrawal,3588.87,2025-02-02 02:10:32
T000277,A00147,Trade,4147.29,2024-06-26 15:56:27
T000278,A00021,Withdrawal,593.12,2024-11-05 12:11:50
T000279,A00005,Withdrawal,1275.38,2023-06-06 12:05:40
T000280,A00092,Withdrawal,795.66,2023-10-14 03:46:52
T000281,A00061,Deposit,1804.91,2023-12-31 02:13:10
T000282,A00022,Withdrawal,2306.72,2023-08-04 08:12:30
T000283,A00149,Withdrawal,3769.25,2024-01-26 07:32:42
T000284,A00070,Deposit,3290.62,2023-12-13 22:37:38
T000285,A00001,Deposit,3142.55,2022-11-18 19:54:26
T000286,A00133,Deposit,1826.64,2024-10-17 19:43:56
T000287,A00012,Trade,4223.09,2023-04-01 06:56:50
T000288,A00090,Deposit,2409.31,2024-11-30 21:41:08
T000289,A00046,Deposit,4897.61,2024-09-19 12:23:18
T000290,A00034,Withdrawal,3207.3,2023-03-01 10:02:03
T000291,A00078,Deposit,718.7,2025-04-18 21:57:02
T000292,A00045,Trade,3413.27,2024-09-26 11:02:41
T000293,A00073,Deposit,1693.01,2022-07-06 17:22:00
T000294,A00026,Trade,3463.0,2024-05-12 00:23:07
T000295,A00047,Deposit,441.24,2023-04-16 14:07:13
T000296,A00121,Deposit,956.92,2024-04-06 00:38:49
T000297,A00056,Deposit,4293.11,2023-08-21 11:28:34
T000298,A00094,Deposit,1213.18,2025-05-06 04:37:59
T000299,A00107,Trade,4201.5,2022-09-10 08:17:01
T000300,A00063,Trade,1468.45,2024-02-20 11:45:56
T000301,A00048,Withdrawal,3250.12,2025-04-05 08:17:13
T000302,A00061,Trade,3501.34,2024-07-09 13:14:05
T000303,A00081,Deposit,2612.01,2022-12-28 02:50:07
T000304,A00026,Withdrawal,1596.02,2025-02-02 18:20:26
T000305,A00036,Withdrawal,1141.96,2023-09-08 08:16:51
T000306,A00001,Withdrawal,262.63,2023-06-05 21:03:53
T000307,A00008,Deposit,1589.34,2023-06-22 10:31:03
T000308,A00113,Trade,3300.5,2025-03-14 02:35:49
T000309,A00099,Deposit,4697.69,2023-01-20 08:44:16
T000310,A00047,Withdrawal,4368.9,2024-03-13 05:12:54
T000311,A00127,Deposit,3853.72,2024-01-01 13:05:53
T000312,A00056,Deposit,3963.39,2022-09-17 19:28:54
T000313,A00014,Trade,3358.43,2024-04-22 12:16:56
T000314,A00028,Trade,1375.41,2024-12-09 18:27:05
T000315,A00078,Withdrawal,4545.26,2024-06-08 09:01:34
T000316,A00130,Deposit,3386.59,2024-11-15 09:29:31
T000317,A00109,Deposit,2846.16,2024-02-07 12:57:31
T000318,A00014,Trade,643.85,2024-09-02 00:31:20
T000319,A00056,Deposit,2290.57,2024-07-20 21:44:59
T000320,A00115,Deposit,2355.76,2025-05-04 10:38:14
T000321,A00007,Deposit,4336.36,2024-03-05 17:14:30
T000322,A00003,Trade,2778.58,2024-09-16 10:25:26
T000323,A00111,Withdrawal,1963.96,2022-07-22 00:33:58
T000324,A00107,Withdrawal,4886.32,2023-12-05 10:05:33
T000325,A00018,Deposit,642.53,2025-05-19 20:41:01
T000326,A00038,Withdrawal,2170.49,2024-09-05 23:10:03
T000327,A00115,Trade,305.92,2024-12-03 09:04:25
T000328,A00015,Trade,3725.53,2025-02-10 06:57:00
T000329,A00119,Withdrawal,4598.58,2022-10-04 22:13:04
T000330,A00028,Withdrawal,1472.18,2022-11-11 19:26:57
T000331,A00039,Deposit,4305.87,2023-06-15 12:34:58
T000332,A00017,Withdrawal,1531.87,2025-03-12 11:01:40
T000333,A00086,Deposit,4562.77,2025-03-23 11:26:45
T000334,A00126,Deposit,3794.41,2023-11-28 09:32:59
T000335,A00044,Trade,4044.04,2023-02-08 07:24:36
T000336,A00025,Trade,188.23,2025-02-23 23:45:51
T000337,A00145,Trade,4817.77,2025-01-01 16:08:58
T000338,A00013,Trade,3660.69,2022-08-02 17:21:43
T000339,A00025,Withdrawal,1593.28,2024-10-16 20:14:09
T000340,A00068,Trade,4164.03,2025-02-20 22:22:04
T000341,A00138,Withdrawal,1479.45,2025-04-12 07:50:40
T000342,A00067,Trade,4376.49,2025-02-23 14:12:39
T000343,A00109,Withdrawal,651.64,2024-02-05 16:41:27
T000344,A00146,Deposit,3548.06,2023-10-23 00:40:57
T000345,A00111,Withdrawal,2749.42,2024-03-24 14:24:27
T000346,A00111,Withdrawal,573.02,2022-11-06 11:45:39
T000347,A00034,Trade,1285.28,2022-06-11 07:06:40
T000348,A00111,Withdrawal,160.78,2022-10-26 02:10:50
T000349,A00008,Deposit,2396.96,2023-07-01 20:19:38
T000350,A00113,Deposit,1576.2,2023-05-05 18:39:42
T000351,A00083,Trade,3031.95,2024-07-27 05:15:06
T000352,A00042,Deposit,1556.47,2024-08-08 20:02:39
T000353,A00101,Withdrawal,1569.6,2024-10-08 17:21:50
T000354,A00006,Deposit,3741.65,2024-11-12 17:09:08
T000355,A00026,Trade,335.9,2025-04-28 03:50:56
T000356,A00064,Withdrawal,4524.19,2024-11-04 12:11:30
T000357,A00059,Trade,4276.09,2023-05-04 06:31:19
T000358,A00109,Withdrawal,3372.24,2024-04-17 09:41:26
T000359,A00121,Deposit,3006.79,2023-12-28 02:03:00
T000360,A00033,Trade,4472.28,2024-01-23 12:24:01
T000361,A00150,Trade,1008.12,2024-05-14 06:06:33
T000362,A00021,Withdrawal,486.95,2025-04-15 13:31:35
T000363,A00070,Trade,1273.6,2024-11-25 06:05:08
T000364,A00112,Withdrawal,3993.43,2025-05-02 11:13:48
T000365,A00004,Withdrawal,269.88,2024-07-11 08:34:42
T000366,A00094,Withdrawal,2955.75,2023-01-15 02:02:24
T000367,A00075,Withdrawal,4977.64,2023-11-12 19:10:40
T000368,A00062,Deposit,4292.91,2022-07-03 01:37:25
T000369,A00094,Withdrawal,2655.08,2024-06-13 20:52:20
T000370,A00095,Trade,411.84,2022-11-04 07:44:39
T000371,A00055,Deposit,4173.73,2023-08-27 20:22:23
T000372,A00137,Trade,3034.99,2024-03-02 02:32:58
T000373,A00131,Deposit,663.17,2022-10-06 06:45:38
T000374,A00031,Withdrawal,559.9,2022-11-22 05:14:24
T000375,A00040,Deposit,4557.17,2022-12-31 23:53:42
T000376,A00036,Deposit,3379.08,2023-11-18 00:29:42
T000377,A00006,Trade,4163.51,2023-09-22 09:58:35
T000378,A00066,Trade,4407.0,2023-11-09 20:18:52
T000379,A00075,Withdrawal,2901.68,2024-05-02 05:53:33
T000380,A00004,Deposit,2635.49,2023-04-12 06:26:04
T000381,A00079,Deposit,2209.09,2024-08-12 10:25:50
T000382,A00134,Deposit,1653.04,2024-06-14 02:38:52
T000383,A00118,Withdrawal,2229.52,2023-11-17 23:26:16
T000384,A00113,Withdrawal,3892.01,2024-06-03 14:29:15
T000385,A00094,Withdrawal,3049.42,2022-10-24 13:30:43
T000386,A00062,Withdrawal,4473.36,2024-04-05 13:52:18
T000387,A00079,Withdrawal,2272.56,2025-05-12 07:04:44
T000388,A00136,Trade,3074.74,2024-04-27 18:18:56
T000389,A00026,Deposit,3193.41,2023-10-03 07:40:07
T000390,A00044,Deposit,2999.32,2022-09-07 06:18:09
T000391,A00133,Deposit,3542.91,2023-09-04 08:31:05
T000392,A00070,Deposit,1263.42,2022-08-03 07:45:59
T000393,A00118,Deposit,2610.58,2022-11-20 16:33:05
T000394,A00068,Deposit,610.7,2022-06-29 23:53:44
T000395,A00019,Deposit,1984.11,2023-11-09 20:44:04
T000396,A00020,Deposit,2489.57,2025-02-25 11:55:52
T000397,A00113,Trade,3295.9,2022-11-11 19:11:52
T000398,A00140,Deposit,4757.6,2025-04-11 19:26:44
T000399,A00047,Trade,3043.19,2023-02-05 05:25:34
T000400,A00001,Withdrawal,3743.61,2023-06-08 19:35:43
T000401,A00090,Deposit,2580.7,2024-08-04 11:30:31
T000402,A00142,Withdrawal,3207.11,2023-02-20 21:56:58
T000403,A00064,Withdrawal,447.57,2024-09-29 06:34:07
T000404,A00038,Withdrawal,1346.52,2023-01-29 16:09:13
T000405,A00037,Trade,1873.08,2023-10-22 02:03:01
T000406,A00126,Withdrawal,2415.22,2024-10-11 14:32:36
T000407,A00139,Withdrawal,323.68,2024-03-18 06:03:51
T000408,A00100,Withdrawal,786.12,2024-05-12 16:29:21
T000409,A00077,Deposit,1456.39,2023-05-21 02:03:46
T000410,A00003,Deposit,4860.51,2024-02-14 03:07:28
T000411,A00134,Trade,1723.6,2025-01-28 05:01:41
T000412,A00010,Trade,2462.0,2023-03-08 10:43:20
T000413,A00005,Deposit,1060.88,2023-03-11 10:52:11
T000414,A00138,Trade,3092.82,2025-02-13 20:38:41
T000415,A00130,Deposit,1475.35,2025-03-12 00:04:36
T000416,A00013,Withdrawal,1114.26,2024-03-27 05:00:06
T000417,A00130,Withdrawal,2631.21,2024-01-30 10:14:30
T000418,A00084,Trade,126.98,2022-07-10 06:13:42
T000419,A00065,Deposit,137.55,2025-01-03 21:25:39
T000420,A00063,Deposit,1173.44,2023-03-28 10:38:59
T000421,A00101,Trade,279.93,2024-04-23 07:13:58
T000422,A00073,Deposit,629.33,2024-11-30 20:47:44
T000423,A00017,Withdrawal,1760.42,2024-03-23 04:45:08
T000424,A00009,Trade,4032.67,2024-01-19 22:42:37
T000425,A00143,Trade,2903.04,2022-06-01 19:46:16
T000426,A00038,Deposit,2612.07,2025-05-24 16:18:35
T000427,A00094,Trade,1538.1,2023-04-24 14:02:27
T000428,A00095,Deposit,4665.59,2023-04-10 14:03:47
T000429,A00049,Deposit,2045.37,2023-08-01 07:18:32
T000430,A00069,Deposit,526.75,2025-05-23 03:55:35
T000431,A00062,Deposit,3123.63,2022-08-31 02:24:26
T000432,A00078,Deposit,657.81,2024-11-07 18:57:06
T000433,A00117,Trade,1791.59,2022-10-30 23:27:10
T000434,A00120,Withdrawal,2586.32,2024-09-05 22:32:05
T000435,A00137,Withdrawal,4383.69,2023-03-12 08:13:46
T000436,A00076,Trade,2518.38,2023-12-15 03:36:51
T000437,A00035,Trade,3541.07,2023-10-14 07:27:36
T000438,A00001,Withdrawal,4964.8,2023-03-28 01:19:23
T000439,A00040,Withdrawal,744.3,2024-05-05 16:34:40
T000440,A00064,Withdrawal,1446.18,2022-11-18 22:24:39
T000441,A00150,Withdrawal,2033.42,2023-07-07 11:06:18
T000442,A00060,Withdrawal,2166.96,2025-04-01 19:25:23
T000443,A00064,Deposit,2114.0,2024-06-24 07:08:49
T000444,A00093,Trade,4547.29,2024-08-22 16:30:12
T000445,A00072,Deposit,3598.76,2025-02-11 17:33:24
T000446,A00011,Withdrawal,3078.74,2023-09-24 18:24:49
T000447,A00105,Withdrawal,1615.93,2024-12-08 06:32:50
T000448,A00014,Withdrawal,4136.57,2024-01-19 15:23:00
T000449,A00060,Deposit,4779.8,2024-12-30 13:05:29
T000450,A00030,Deposit,4123.87,2024-01-25 16:57:46
T000451,A00035,Withdrawal,107.67,2024-11-22 18:59:01
T000452,A00005,Deposit,3218.37,2022-11-19 08:44:31
T000453,A00083,Deposit,350.56,2023-11-17 09:25:56
T000454,A00123,Withdrawal,1362.28,2023-11-23 16:48:38
T000455,A00078,Deposit,391.67,2024-05-06 04:08:29
T000456,A00062,Trade,3058.6,2025-01-08 22:48:38
T000457,A00132,Trade,3464.29,2023-02-17 22:09:12
T000458,A00089,Trade,660.99,2025-04-06 07:04:28
T000459,A00042,Trade,1980.81,2023-08-30 23:24:31
T000460,A00089,Withdrawal,2335.56,2025-01-04 11:30:17
T000461,A00146,Withdrawal,1908.36,2024-11-27 16:55:59
T000462,A00040,Withdrawal,693.02,2022-10-04 13:38:38
T000463,A00072,Trade,2152.84,2025-04-03 23:56:30
T000464,A00039,Trade,3780.77,2022-12-19 23:47:47
T000465,A00104,Deposit,447.94,2023-09-24 10:16:21
T000466,A00014,Deposit,492.88,2022-11-25 00:03:45
T000467,A00032,Trade,1838.38,2023-05-31 12:29:51
T000468,A00125,Trade,4714.46,2023-09-12 07:15:12
T000469,A00097,Trade,3376.01,2022-11-23 14:01:58
T000470,A00023,Trade,3425.48,2023-03-06 06:15:21
T000471,A00063,Deposit,1873.41,2023-12-26 19:43:14
T000472,A00143,Trade,3008.94,2025-05-07 03:02:59
T000473,A00145,Deposit,149.64,2022-12-31 12:05:24
T000474,A00053,Trade,3216.87,2024-07-27 10:47:35
T000475,A00104,Trade,4575.11,2024-01-19 08:49:19
T000476,A00104,Trade,3101.61,2024-03-05 14:56:44
T000477,A00039,Deposit,4381.12,2024-12-07 10:13:40
T000478,A00134,Deposit,3647.47,2022-12-26 01:55:37
T000479,A00067,Withdrawal,690.74,2024-11-03 20:11:03
T000480,A00135,Trade,4522.02,2024-01-11 23:36:21
T000481,A00042,Withdrawal,425.57,2024-03-13 01:53:26
T000482,A00015,Withdrawal,2716.44,2023-03-10 11:15:41
T000483,A00111,Deposit,796.47,2024-06-19 22:14:32
T000484,A00033,Deposit,157.36,2025-02-06 03:04:48
T000485,A00038,Withdrawal,2167.97,2024-09-06 16:48:46
T000486,A00097,Trade,1545.7,2025-05-07 02:54:53
T000487,A00033,Deposit,2481.4,2025-02-21 06:54:05
T000488,A00086,Trade,2928.28,2023-02-19 00:31:23
T000489,A00066,Trade,314.32,2024-10-03 22:30:07
T000490,A00010,Withdrawal,702.72,2023-02-09 03:03:33
T000491,A00005,Withdrawal,2837.35,2024-06-24 13:02:22
T000492,A00123,Withdrawal,1781.52,2023-08-17 14:24:09
T000493,A00074,Withdrawal,3672.95,2022-12-29 20:29:44
T000494,A00097,Deposit,3296.23,2023-03-12 13:24:08
T000495,A00118,Deposit,4243.46,2023-09-26 14:15:16
T000496,A00038,Withdrawal,3493.21,2024-04-25 12:23:47
T000497,A00141,Deposit,2206.66,2025-01-12 03:08:22
T000498,A00047,Withdrawal,3397.54,2022-08-17 04:38:03
T000499,A00109,Trade,1449.37,2023-12-04 15:48:43
T000500,A00015,Trade,1600.94,2022-06-09 19:09:29
T000501,A00136,Trade,3966.03,2024-06-16 17:23:30
T000502,A00005,Withdrawal,2287.46,2022-12-24 00:14:41
T000503,A00047,Trade,4012.06,2023-03-25 00:46:44
T000504,A00068,Deposit,4129.87,2024-01-12 08:20:16
T000505,A00076,Trade,4302.06,2024-10-14 07:09:32
T000506,A00130,Trade,4591.51,2024-07-19 01:57:24
T000507,A00095,Trade,2211.83,2025-03-05 10:04:01
T000508,A00115,Deposit,1662.45,2024-07-02 19:40:30
T000509,A00036,Withdrawal,2952.77,2024-02-20 11:29:44
T000510,A00026,Deposit,1918.74,2025-04-23 13:12:13
T000511,A00043,Withdrawal,3045.26,2024-06-27 18:43:52
T000512,A00027,Withdrawal,3557.37,2024-03-01 13:41:14
T000513,A00069,Trade,3473.18,2024-04-14 09:51:14
T000514,A00148,Withdrawal,1935.31,2024-06-23 01:54:00
T000515,A00011,Deposit,917.61,2023-02-09 17:31:25
T000516,A00074,Deposit,2209.59,2022-10-01 08:02:45
T000517,A00104,Withdrawal,798.71,2024-10-20 05:25:10
T000518,A00038,Trade,4461.48,2022-07-12 20:25:55
T000519,A00134,Trade,1794.8,2023-05-03 11:47:51
T000520,A00023,Deposit,856.85,2023-08-22 15:45:46
T000521,A00047,Trade,224.69,2022-07-15 16:49:22
T000522,A00090,Withdrawal,3264.53,2023-07-26 21:07:16
T000523,A00046,Withdrawal,3220.82,2023-05-10 04:37:54
T000524,A00107,Deposit,1768.96,2024-09-07 01:21:49
T000525,A00140,Withdrawal,451.39,2023-08-17 08:16:15
T000526,A00141,Deposit,2107.18,2023-02-11 05:08:48
T000527,A00104,Withdrawal,1624.97,2024-05-05 08:02:19
T000528,A00111,Deposit,3417.89,2024-10-20 14:50:21
T000529,A00104,Trade,3068.32,2024-07-03 08:28:53
T000530,A00060,Withdrawal,1886.51,2024-09-25 21:08:21
T000531,A00100,Withdrawal,1167.67,2024-07-27 10:05:20
T000532,A00068,Deposit,4941.38,2022-11-17 18:40:24
T000533,A00133,Deposit,2324.61,2024-10-31 14:11:21
T000534,A00120,Withdrawal,3472.54,2022-11-19 07:47:39
T000535,A00037,Deposit,788.71,2023-07-16 01:29:02
T000536,A00072,Withdrawal,2479.39,2024-09-15 14:19:39
T000537,A00127,Trade,234.93,2023-12-16 19:27:35
T000538,A00106,Deposit,2576.73,2024-09-13 22:42:12
T000539,A00092,Withdrawal,4823.69,2022-07-29 13:12:51
T000540,A00031,Trade,1982.61,2024-04-10 13:12:01
T000541,A00122,Trade,291.08,2024-09-20 15:23:17
T000542,A00137,Withdrawal,251.68,2023-04-30 09:41:43
T000543,A00051,Deposit,2001.14,2024-03-16 08:46:38
T000544,A00029,Withdrawal,884.12,2022-11-01 00:13:23
T000545,A00040,Trade,214.43,2025-03-06 08:30:32
T000546,A00041,Withdrawal,3805.45,2023-06-14 10:30:34
T000547,A00011,Deposit,2346.76,2023-08-31 09:15:18
T000548,A00001,Trade,1517.3,2022-07-14 23:29:52
T000549,A00046,Withdrawal,4510.41,2024-04-23 13:05:55
T000550,A00101,Deposit,669.08,2023-07-08 04:19:24
T000551,A00149,Trade,4784.0,2023-11-18 09:45:11
T000552,A00090,Deposit,1638.44,2022-10-08 00:49:23
T000553,A00110,Trade,4453.18,2024-04-06 23:34:26
T000554,A00057,Withdrawal,3054.42,2022-11-24 06:19:47
T000555,A00001,Deposit,4150.87,2023-05-28 23:51:03
T000556,A00063,Trade,4921.66,2023-04-16 22:41:12
T000557,A00055,Deposit,1513.19,2024-11-24 05:15:11
T000558,A00115,Deposit,4809.56,2025-04-30 10:37:26
T000559,A00143,Withdrawal,2008.46,2023-11-21 14:19:36
T000560,A00149,Deposit,1989.01,2024-12-28 22:04:14
T000561,A00053,Trade,1767.9,2025-02-01 21:15:38
T000562,A00137,Trade,2752.9,2024-03-21 01:05:12
T000563,A00057,Trade,855.31,2023-02-07 18:06:17
T000564,A00117,Trade,2813.19,2025-01-07 01:38:36
T000565,A00035,Withdrawal,2754.35,2022-12-28 04:55:02
T000566,A00063,Deposit,3833.32,2023-04-11 21:12:02
T000567,A00025,Withdrawal,4184.88,2023-04-12 09:14:43
T000568,A00090,Deposit,2258.16,2022-08-26 02:52:55
T000569,A00075,Deposit,1581.43,2024-10-27 11:46:25
T000570,A00038,Deposit,1370.74,2023-11-21 21:12:38
T000571,A00130,Withdrawal,1053.66,2024-08-29 18:43:41
T000572,A00135,Deposit,382.47,2023-08-05 13:28:14
T000573,A00091,Withdrawal,1778.0,2024-12-08 02:19:44
T000574,A00017,Trade,1424.21,2024-09-08 20:36:32
T000575,A00128,Trade,4835.45,2023-02-11 11:25:29
T000576,A00108,Deposit,2832.77,2023-10-10 16:32:34
T000577,A00025,Withdrawal,1801.66,2025-05-23 14:53:18
T000578,A00088,Trade,2944.29,2023-08-23 12:04:26
T000579,A00029,Withdrawal,782.06,2023-08-18 08:59:12
T000580,A00063,Withdrawal,2275.81,2024-10-31 14:59:30
T000581,A00150,Deposit,3168.55,2023-07-15 05:08:00
T000582,A00114,Trade,2495.6,2024-08-02 00:38:32
T000583,A00049,Deposit,2068.72,2025-04-15 03:58:32
T000584,A00081,Deposit,4969.86,2022-10-20 20:06:47
T000585,A00084,Trade,4413.54,2022-12-22 12:58:56
T000586,A00105,Trade,3154.69,2024-02-24 07:16:51
T000587,A00148,Withdrawal,2889.95,2022-08-26 00:11:58
T000588,A00118,Trade,3141.24,2023-07-30 17:13:56
T000589,A00086,Withdrawal,1086.43,2025-03-09 19:26:50
T000590,A00063,Withdrawal,2036.17,2022-12-09 00:35:43
T000591,A00104,Withdrawal,293.35,2025-05-19 12:56:16
T000592,A00049,Trade,2430.18,2022-12-18 00:56:07
T000593,A00071,Deposit,2760.82,2023-06-17 18:30:14
T000594,A00001,Withdrawal,1215.97,2023-01-08 02:12:44
T000595,A00141,Deposit,4823.74,2023-10-08 06:29:50
T000596,A00123,Deposit,4556.33,2023-06-14 11:22:16
T000597,A00062,Trade,3638.5,2025-04-10 09:42:47
T000598,A00032,Deposit,2713.59,2024-01-25 22:48:24
T000599,A00029,Deposit,4362.85,2024-06-24 06:12:20
T000600,A00049,Trade,740.2,2023-01-01 18:24:15
T000601,A00030,Withdrawal,3973.5,2024-11-07 21:50:44
T000602,A00144,Deposit,711.62,2025-02-01 07:30:59
T000603,A00019,Trade,3991.63,2023-07-17 08:21:47
T000604,A00018,Deposit,1451.26,2025-01-25 04:25:12
T000605,A00001,Deposit,4397.74,2024-02-28 09:17:32
T000606,A00078,Withdrawal,4725.81,2023-12-29 17:17:59
T000607,A00115,Deposit,829.1,2024-04-27 01:20:04
T000608,A00113,Trade,2367.11,2022-09-20 05:18:44
T000609,A00114,Deposit,4906.84,2025-02-03 05:13:00
T000610,A00063,Withdrawal,2468.7,2022-10-17 12:41:12
T000611,A00132,Withdrawal,4331.38,2024-02-10 17:13:37
T000612,A00129,Trade,2984.78,2024-08-03 21:19:30
T000613,A00008,Withdrawal,1939.12,2023-08-01 02:52:01
T000614,A00055,Deposit,1500.34,2025-05-09 02:17:22
T000615,A00103,Withdrawal,1095.79,2023-12-20 05:49:56
T000616,A00131,Trade,3832.81,2024-05-01 06:08:38
T000617,A00032,Withdrawal,1994.05,2024-06-22 01:28:43
T000618,A00010,Withdrawal,2605.25,2023-10-16 08:05:25
T000619,A00110,Withdrawal,2512.39,2024-11-14 22:44:13
T000620,A00124,Trade,2928.67,2022-05-29 18:03:53
T000621,A00087,Withdrawal,4341.33,2022-10-17 14:26:03
T000622,A00055,Withdrawal,4905.62,2024-05-07 02:05:19
T000623,A00032,Deposit,2097.16,2025-02-05 02:25:57
T000624,A00135,Trade,4154.84,2025-03-22 14:56:16
T000625,A00093,Withdrawal,3846.19,2025-05-13 02:40:44
T000626,A00008,Trade,2910.29,2023-12-03 09:22:22
T000627,A00065,Withdrawal,4784.63,2022-09-01 07:00:02
T000628,A00057,Withdrawal,1082.33,2024-09-02 02:38:59
T000629,A00067,Withdrawal,635.39,2024-02-02 17:47:02
T000630,A00072,Deposit,4284.41,2023-04-29 07:09:00
T000631,A00054,Deposit,2251.83,2024-03-23 08:07:02
T000632,A00067,Deposit,4250.15,2023-04-20 00:15:24
T000633,A00051,Trade,4476.14,2024-07-02 10:10:18
T000634,A00097,Trade,406.04,2023-07-17 01:38:26
T000635,A00092,Deposit,4428.98,2023-10-09 11:08:48
T000636,A00008,Trade,2296.76,2023-08-09 10:58:40
T000637,A00035,Withdrawal,2601.12,2023-11-01 14:17:11
T000638,A00096,Withdrawal,3170.3,2024-09-22 03:04:38
T000639,A00088,Withdrawal,4639.27,2024-11-08 16:47:22
T000640,A00078,Deposit,193.67,2022-12-14 18:46:05
T000641,A00032,Trade,2436.53,2024-10-21 09:10:09
T000642,A00120,Deposit,3469.84,2024-06-17 20:34:12
T000643,A00046,Trade,3641.26,2023-11-10 21:24:12
T000644,A00144,Withdrawal,3493.41,2025-04-20 05:14:30
T000645,A00142,Deposit,758.73,2022-08-09 02:41:23
T000646,A00055,Trade,1567.04,2022-08-05 06:44:17
T000647,A00007,Trade,1857.71,2022-10-27 14:16:37
T000648,A00074,Withdrawal,4041.74,2025-01-22 15:31:34
T000649,A00007,Deposit,1465.92,2024-05-08 20:18:42
T000650,A00085,Deposit,1132.45,2022-06-20 04:52:28
T000651,A00147,Deposit,4791.5,2022-12-04 21:45:33
T000652,A00112,Withdrawal,143.43,2023-01-26 07:54:50
T000653,A00125,Deposit,4989.32,2024-04-10 10:11:39
T000654,A00147,Withdrawal,3416.42,2024-05-04 02:05:29
T000655,A00036,Withdrawal,4159.5,2022-05-26 23:03:43
T000656,A00029,Withdrawal,1543.64,2024-03-20 11:22:32
T000657,A00082,Trade,170.14,2023-04-05 04:49:51
T000658,A00002,Deposit,3715.56,2025-04-29 14:25:39
T000659,A00129,Deposit,4187.31,2022-12-16 19:56:16
T000660,A00047,Withdrawal,3728.33,2025-02-28 15:30:49
T000661,A00148,Withdrawal,799.97,2023-09-06 20:13:24
T000662,A00011,Deposit,3791.8,2023-01-27 20:58:15
T000663,A00130,Withdrawal,3867.72,2023-07-25 14:02:51
T000664,A00119,Deposit,3326.85,2022-10-17 21:49:42
T000665,A00140,Trade,3853.97,2025-03-07 18:40:11
T000666,A00020,Withdrawal,4245.02,2023-12-06 19:52:00
T000667,A00005,Deposit,3106.66,2023-06-18 21:03:02
T000668,A00037,Withdrawal,534.16,2022-09-30 22:43:18
T000669,A00137,Deposit,2489.38,2023-12-24 13:12:07
T000670,A00053,Deposit,480.48,2025-03-23 04:32:44
T000671,A00099,Withdrawal,2096.96,2025-02-26 23:01:30
T000672,A00086,Trade,2094.82,2023-02-07 01:05:02
T000673,A00108,Deposit,423.45,2022-08-14 08:37:52
T000674,A00024,Deposit,1809.22,2024-01-31 14:32:46
T000675,A00081,Deposit,643.89,2025-01-21 18:04:46
T000676,A00120,Trade,4060.35,2023-09-12 12:04:18
T000677,A00059,Trade,4743.67,2025-05-16 10:55:33
T000678,A00128,Withdrawal,454.35,2023-05-24 15:22:36
T000679,A00114,Trade,4780.06,2024-03-22 16:45:03
T000680,A00115,Withdrawal,2660.63,2025-03-09 04:07:20
T000681,A00014,Withdrawal,1567.87,2022-10-14 14:00:49
T000682,A00009,Trade,476.62,2025-05-23 01:37:34
T000683,A00040,Withdrawal,2553.06,2022-10-20 18:33:59
T000684,A00025,Trade,3993.13,2022-05-27 14:21:43
T000685,A00103,Withdrawal,3564.72,2023-04-22 10:46:47
T000686,A00022,Trade,346.11,2024-06-04 14:30:15
T000687,A00004,Trade,457.22,2022-09-23 23:37:40
T000688,A00029,Withdrawal,2074.08,2022-12-18 01:16:06
T000689,A00109,Deposit,1546.92,2024-12-03 03:50:15
T000690,A00098,Withdrawal,1238.68,2023-05-12 06:52:05
T000691,A00037,Trade,1476.92,2024-08-09 20:08:49
T000692,A00075,Deposit,4037.07,2025-04-16 05:27:18
T000693,A00070,Withdrawal,4653.22,2024-04-16 07:09:27
T000694,A00146,Withdrawal,2085.0,2022-06-09 08:06:15
T000695,A00128,Withdrawal,4539.94,2022-06-07 10:27:21
T000696,A00085,Deposit,1675.33,2025-05-10 11:36:05
T000697,A00042,Trade,2434.54,2023-11-10 15:14:03
T000698,A00100,Withdrawal,1207.54,2022-11-29 05:55:25
T000699,A00041,Withdrawal,3238.33,2024-03-11 22:51:58
T000700,A00034,Withdrawal,4897.01,2025-05-08 01:12:46
T000701,A00017,Withdrawal,3057.12,2022-12-17 05:42:30
T000702,A00122,Withdrawal,1853.29,2024-06-05 23:49:03
T000703,A00076,Trade,3274.31,2022-09-12 22:31:56
T000704,A00087,Trade,702.31,2023-05-16 13:37:10
T000705,A00117,Withdrawal,4454.43,2024-01-10 23:44:37
T000706,A00106,Deposit,2565.11,2022-10-11 16:21:56
T000707,A00086,Trade,2301.81,2022-11-01 00:37:24
T000708,A00027,Deposit,2970.74,2022-11-02 05:29:37
T000709,A00057,Trade,3161.44,2023-09-24 16:27:05
T000710,A00031,Withdrawal,451.7,2023-12-17 21:33:16
T000711,A00134,Trade,3444.82,2023-09-02 18:54:32
T000712,A00098,Withdrawal,1285.47,2022-12-24 22:24:44
T000713,A00012,Trade,3598.37,2024-01-10 10:44:11
T000714,A00053,Withdrawal,4130.42,2022-12-18 17:54:46
T000715,A00138,Withdrawal,4039.4,2025-02-15 13:33:14
T000716,A00145,Withdrawal,2807.25,2025-04-11 19:21:42
T000717,A00122,Withdrawal,2648.83,2023-01-02 19:48:36
T000718,A00046,Deposit,800.09,2022-09-09 04:25:52
T000719,A00064,Withdrawal,3899.2,2024-08-27 00:38:37
T000720,A00130,Deposit,1429.91,2024-10-16 22:52:49
T000721,A00054,Deposit,2533.81,2022-06-08 01:49:22
T000722,A00107,Withdrawal,1492.94,2024-12-29 00:12:43
T000723,A00051,Deposit,755.76,2025-02-28 16:22:18
T000724,A00036,Trade,3184.83,2023-02-04 20:34:12
T000725,A00115,Withdrawal,366.23,2024-04-08 13:57:26
T000726,A00026,Deposit,3768.36,2023-11-22 11:05:19
T000727,A00029,Withdrawal,1656.18,2023-04-21 21:08:40
T000728,A00149,Withdrawal,100.66,2025-01-25 14:22:57
T000729,A00011,Withdrawal,2604.53,2023-01-16 01:29:53
T000730,A00040,Deposit,329.57,2024-02-24 11:31:08
T000731,A00011,Trade,1453.23,2025-01-06 22:50:24
T000732,A00113,Trade,3564.18,2025-04-26 10:54:13
T000733,A00039,Deposit,407.18,2024-04-12 03:07:39
T000734,A00054,Withdrawal,4212.76,2023-04-28 09:19:49
T000735,A00098,Deposit,118.72,2022-10-07 13:49:32
T000736,A00055,Deposit,1309.44,2022-10-28 23:28:21
T000737,A00111,Deposit,3730.43,2022-12-29 09:55:47
T000738,A00150,Withdrawal,1649.72,2022-12-03 05:29:44
T000739,A00069,Deposit,599.27,2024-11-26 18:46:13
T000740,A00056,Withdrawal,1865.15,2024-01-12 11:36:32
T000741,A00033,Deposit,1424.93,2023-11-23 00:03:36
T000742,A00036,Trade,4229.29,2024-03-22 22:38:03
T000743,A00148,Deposit,1635.4,2023-09-26 11:24:29
T000744,A00081,Deposit,3965.77,2022-12-29 03:06:32
T000745,A00109,Trade,4470.17,2023-06-14 20:00:26
T000746,A00073,Withdrawal,2225.71,2023-07-30 03:57:51
T000747,A00040,Withdrawal,4558.72,2025-02-20 07:03:30
T000748,A00017,Deposit,1948.86,2022-10-03 18:52:53
T000749,A00129,Trade,4823.98,2023-06-15 10:11:56
T000750,A00061,Withdrawal,537.52,2024-10-01 13:59:00
T000751,A00104,Deposit,3466.39,2024-12-14 12:43:50
T000752,A00042,Trade,2519.69,2024-12-12 23:46:34
T000753,A00025,Withdrawal,1999.48,2024-12-24 18:34:27
T000754,A00039,Withdrawal,3200.29,2023-08-11 12:28:45
T000755,A00035,Trade,3548.9,2025-05-02 12:40:32
T000756,A00131,Trade,121.38,2022-07-06 13:56:52
T000757,A00108,Trade,918.07,2025-03-13 16:59:34
T000758,A00102,Trade,3593.93,2023-09-06 12:09:50
T000759,A00098,Deposit,3365.29,2023-04-10 01:25:59
T000760,A00012,Trade,4833.63,2024-08-07 04:56:53
T000761,A00019,Withdrawal,3829.09,2024-12-23 17:44:07
T000762,A00101,Withdrawal,4758.79,2024-07-25 10:14:23
T000763,A00044,Deposit,3542.45,2023-03-14 23:06:49
T000764,A00049,Withdrawal,1560.46,2024-01-24 11:23:53
T000765,A00017,Withdrawal,616.29,2023-08-28 00:28:04
T000766,A00074,Trade,3930.94,2025-02-22 16:49:01
T000767,A00057,Withdrawal,3256.33,2022-08-18 16:20:46
T000768,A00055,Deposit,336.11,2023-06-01 17:08:37
T000769,A00047,Trade,1864.25,2024-07-02 16:36:47
T000770,A00012,Trade,4788.32,2024-01-15 08:43:07
T000771,A00062,Deposit,2551.97,2022-11-17 01:15:00
T000772,A00080,Trade,2220.37,2023-06-04 10:02:27
T000773,A00083,Trade,2342.73,2024-07-09 23:38:55
T000774,A00008,Deposit,1123.53,2025-02-10 03:17:42
T000775,A00149,Trade,1906.67,2024-12-03 13:10:06
T000776,A00081,Deposit,1912.08,2022-09-13 05:22:51
T000777,A00118,Deposit,356.54,2024-08-23 13:48:35
T000778,A00025,Withdrawal,3861.08,2022-06-13 15:45:08
T000779,A00089,Withdrawal,2140.87,2023-12-07 20:34:42
T000780,A00012,Trade,4128.68,2023-09-29 12:49:02
T000781,A00143,Trade,4266.71,2022-12-16 22:32:24
T000782,A00059,Deposit,1138.77,2024-01-16 20:14:12
T000783,A00109,Trade,3321.03,2024-10-24 20:37:06
T000784,A00026,Deposit,2414.18,2024-03-09 16:47:29
T000785,A00047,Deposit,4412.77,2023-12-14 13:25:32
T000786,A00032,Trade,1157.13,2024-09-20 15:29:52
T000787,A00010,Deposit,3421.28,2025-04-20 19:47:12
T000788,A00016,Withdrawal,3077.99,2023-02-18 07:12:20
T000789,A00145,Trade,1546.98,2024-05-26 14:33:34
T000790,A00026,Withdrawal,769.34,2022-09-16 07:11:41
T000791,A00086,Trade,3293.03,2022-06-20 20:05:15
T000792,A00135,Deposit,3719.13,2024-11-23 08:21:36
T000793,A00014,Trade,1646.57,2022-09-07 19:39:30
T000794,A00079,Withdrawal,3259.68,2022-06-16 08:07:04
T000795,A00117,Deposit,2036.14,2023-07-07 04:50:14
T000796,A00007,Trade,3594.71,2023-04-26 01:20:29
T000797,A00137,Trade,1076.15,2022-07-26 18:42:52
T000798,A00115,Trade,4462.05,2022-08-27 20:18:14
T000799,A00072,Withdrawal,1508.31,2024-02-03 03:26:45
T000800,A00059,Withdrawal,1902.15,2024-07-20 21:40:26
T000801,A00082,Trade,384.65,2023-08-13 22:54:03
T000802,A00116,Deposit,646.41,2025-01-26 08:40:32
T000803,A00146,Deposit,2627.72,2024-07-12 06:19:15
T000804,A00103,Withdrawal,1411.2,2024-03-01 06:17:20
T000805,A00017,Deposit,4193.85,2024-03-13 21:53:27
T000806,A00014,Withdrawal,172.0,2025-05-20 03:15:31
T000807,A00108,Trade,1957.56,2024-02-09 19:51:02
T000808,A00045,Withdrawal,1752.99,2022-09-30 22:59:35
T000809,A00098,Withdrawal,194.71,2025-02-13 22:49:21
T000810,A00131,Trade,709.41,2024-09-05 10:26:52
T000811,A00037,Deposit,2126.85,2024-09-07 03:06:22
T000812,A00108,Withdrawal,2515.04,2025-01-06 21:45:38
T000813,A00039,Withdrawal,2081.02,2023-01-18 02:12:04
T000814,A00015,Trade,2701.59,2023-07-30 22:36:31
T000815,A00120,Deposit,3016.15,2022-10-02 18:35:11
T000816,A00004,Withdrawal,148.63,2023-09-19 08:01:40
T000817,A00093,Trade,2374.07,2022-09-25 15:59:56
T000818,A00141,Withdrawal,4821.15,2024-07-28 04:40:56
T000819,A00016,Trade,2643.26,2023-04-06 13:36:47
T000820,A00108,Deposit,3419.96,2023-01-22 06:44:27
T000821,A00126,Deposit,1628.13,2024-09-05 03:56:12
T000822,A00055,Deposit,3892.56,2023-10-15 11:59:44
T000823,A00034,Deposit,3887.32,2024-01-22 21:23:16
T000824,A00013,Withdrawal,2654.35,2024-11-21 21:49:25
T000825,A00141,Withdrawal,4882.47,2025-02-04 06:03:54
T000826,A00018,Deposit,715.2,2025-02-28 09:38:07
T000827,A00096,Deposit,183.04,2025-04-17 21:27:28
T000828,A00123,Deposit,3873.78,2025-02-18 00:24:07
T000829,A00039,Withdrawal,4055.06,2022-09-05 14:48:38
T000830,A00046,Deposit,689.02,2023-09-19 17:49:06
T000831,A00029,Deposit,1401.36,2025-05-15 06:23:11
T000832,A00062,Deposit,186.01,2024-04-04 12:31:24
T000833,A00016,Trade,1537.21,2023-05-31 14:54:30
T000834,A00121,Deposit,3888.4,2022-08-23 20:45:06
T000835,A00010,Trade,2638.01,2023-06-09 16:43:39
T000836,A00103,Trade,1805.67,2022-10-06 20:06:27
T000837,A00084,Deposit,1921.52,2024-03-30 20:35:02
T000838,A00133,Trade,106.63,2022-11-22 02:09:17
T000839,A00065,Deposit,1569.02,2024-04-29 04:47:20
T000840,A00003,Withdrawal,3267.65,2025-01-01 01:56:26
T000841,A00142,Withdrawal,4873.55,2024-12-26 16:46:44
T000842,A00120,Withdrawal,4250.6,2022-08-19 09:28:38
T000843,A00068,Withdrawal,215.62,2023-09-18 09:01:51
T000844,A00146,Trade,4502.95,2025-03-25 15:06:29
T000845,A00037,Deposit,3937.67,2025-03-13 03:49:54
T000846,A00073,Deposit,3923.84,2023-02-22 18:24:56
T000847,A00143,Deposit,2344.18,2022-11-27 11:01:11
T000848,A00049,Withdrawal,2050.23,2022-06-14 14:02:45
T000849,A00121,Withdrawal,1584.29,2022-12-25 01:29:17
T000850,A00088,Deposit,421.9,2025-05-19 15:39:46
T000851,A00140,Withdrawal,1218.35,2022-06-12 13:02:34
T000852,A00037,Deposit,1308.36,2023-02-04 09:59:05
T000853,A00061,Deposit,2471.98,2024-07-05 01:28:37
T000854,A00124,Deposit,3762.48,2023-11-15 11:57:56
T000855,A00039,Deposit,2421.67,2024-08-15 08:54:53
T000856,A00063,Deposit,383.44,2024-08-06 09:19:36
T000857,A00046,Deposit,4793.17,2023-07-02 15:17:20
T000858,A00088,Deposit,4719.35,2023-02-09 06:41:30
T000859,A00011,Withdrawal,3947.43,2023-12-24 14:09:32
T000860,A00062,Deposit,4957.51,2022-12-09 02:10:39
T000861,A00077,Deposit,2767.96,2023-07-17 10:07:40
T000862,A00052,Withdrawal,4817.56,2022-11-25 07:20:06
T000863,A00004,Withdrawal,470.46,2022-07-10 12:20:31
T000864,A00059,Withdrawal,1891.84,2023-10-28 07:58:40
T000865,A00072,Deposit,1204.37,2024-03-22 20:14:30
T000866,A00148,Trade,1059.58,2023-07-22 10:01:59
T000867,A00093,Trade,789.93,2024-08-16 16:33:44
T000868,A00063,Withdrawal,3149.83,2022-09-02 03:10:55
T000869,A00054,Trade,3928.48,2023-07-08 09:20:06
T000870,A00117,Withdrawal,2933.66,2024-11-06 16:59:39
T000871,A00110,Deposit,820.12,2025-01-24 17:58:53
T000872,A00074,Trade,4074.51,2022-09-22 15:14:26
T000873,A00107,Deposit,3216.18,2024-07-04 15:35:01
T000874,A00057,Trade,2002.01,2024-05-02 00:51:53
T000875,A00003,Deposit,3403.24,2024-07-27 09:11:25
T000876,A00120,Trade,1373.53,2023-12-06 08:15:13
T000877,A00006,Deposit,1791.44,2022-08-20 00:46:53
T000878,A00005,Deposit,4595.68,2024-07-10 00:40:21
T000879,A00005,Trade,1523.47,2024-10-22 12:54:30
T000880,A00054,Deposit,2402.94,2023-02-09 03:39:03
T000881,A00047,Deposit,4461.69,2023-12-18 02:15:20
T000882,A00009,Deposit,3567.83,2023-01-25 06:48:10
T000883,A00099,Trade,404.8,2023-06-26 05:16:42
T000884,A00020,Trade,821.78,2022-11-01 18:26:05
T000885,A00122,Deposit,138.42,2024-11-02 10:51:47
T000886,A00061,Deposit,3191.52,2025-04-07 02:53:34
T000887,A00123,Trade,2293.6,2022-11-21 01:48:36
T000888,A00082,Trade,757.95,2023-05-15 17:23:44
T000889,A00062,Deposit,4793.88,2024-07-24 08:13:42
T000890,A00145,Deposit,2695.33,2022-05-29 21:37:21
T000891,A00003,Deposit,1285.28,2022-08-02 07:42:49
T000892,A00013,Withdrawal,2552.96,2022-06-13 23:59:39
T000893,A00120,Trade,3430.14,2023-06-09 19:24:02
T000894,A00125,Withdrawal,473.57,2022-08-05 08:10:38
T000895,A00089,Trade,1446.05,2024-05-27 18:31:13
T000896,A00073,Trade,4054.13,2023-12-12 07:53:20
T000897,A00068,Trade,2352.36,2024-01-10 20:22:16
T000898,A00142,Trade,2778.23,2023-01-14 01:25:25
T000899,A00101,Trade,2220.8,2023-02-27 22:00:31
T000900,A00098,Trade,315.11,2022-07-19 20:18:40
T000901,A00011,Trade,912.17,2024-09-30 18:09:17
T000902,A00105,Withdrawal,2283.15,2025-03-09 12:15:08
T000903,A00067,Deposit,1125.01,2024-03-07 09:04:57
T000904,A00123,Deposit,344.9,2023-05-09 16:23:57
T000905,A00029,Withdrawal,4233.88,2023-10-07 19:30:37
T000906,A00137,Withdrawal,4907.84,2023-06-15 13:47:02
T000907,A00076,Withdrawal,3986.4,2024-03-02 13:01:56
T000908,A00009,Withdrawal,4283.55,2023-10-04 21:54:29
T000909,A00040,Trade,1285.69,2023-07-21 07:05:28
T000910,A00025,Deposit,4807.07,2022-09-23 21:42:07
T000911,A00005,Trade,1064.94,2024-10-29 18:16:00
T000912,A00139,Deposit,4762.01,2023-12-26 01:09:27
T000913,A00124,Deposit,4974.61,2022-11-27 09:27:03
T000914,A00038,Withdrawal,3587.44,2024-07-13 19:18:16
T000915,A00072,Trade,4907.6,2025-04-05 21:15:49
T000916,A00133,Withdrawal,2890.74,2022-08-15 17:37:18
T000917,A00090,Trade,1371.75,2023-02-28 12:18:13
T000918,A00146,Deposit,2241.28,2023-05-07 14:48:13
T000919,A00037,Withdrawal,3008.45,2024-08-04 03:18:53
T000920,A00060,Withdrawal,458.1,2022-08-05 06:12:13
T000921,A00028,Deposit,3149.48,2024-02-07 17:25:24
T000922,A00081,Deposit,4907.77,2022-09-09 23:37:31
T000923,A00114,Deposit,1031.53,2024-05-17 09:49:45
T000924,A00040,Withdrawal,3983.72,2023-08-07 11:01:28
T000925,A00045,Trade,4548.7,2023-09-20 13:30:51
T000926,A00062,Withdrawal,4724.14,2023-10-16 08:31:28
T000927,A00093,Trade,4804.66,2022-10-07 02:32:50
T000928,A00115,Withdrawal,2655.15,2024-10-01 02:36:12
T000929,A00067,Withdrawal,4888.81,2024-05-04 10:35:36
T000930,A00056,Deposit,3810.82,2022-06-07 06:58:26
T000931,A00040,Trade,892.19,2023-12-20 00:10:20
T000932,A00098,Withdrawal,2436.81,2023-04-02 15:25:28
T000933,A00040,Withdrawal,3619.82,2023-08-21 21:18:52
T000934,A00091,Deposit,1311.97,2024-10-17 18:06:01
T000935,A00033,Deposit,3239.01,2023-09-10 00:25:18
T000936,A00006,Trade,3366.34,2025-01-17 06:27:13
T000937,A00147,Withdrawal,897.23,2023-06-06 18:02:54
T000938,A00080,Trade,2868.92,2024-05-15 14:18:08
T000939,A00092,Withdrawal,3880.97,2023-12-19 00:05:51
T000940,A00097,Trade,2544.59,2024-11-30 01:41:54
T000941,A00059,Deposit,159.31,2024-06-30 07:40:50
T000942,A00059,Withdrawal,144.29,2023-03-25 11:44:15
T000943,A00048,Trade,1849.44,2024-09-20 23:04:01
T000944,A00013,Deposit,4638.35,2023-06-10 16:51:14
T000945,A00107,Deposit,1220.52,2023-01-14 19:22:59
T000946,A00045,Trade,3208.38,2022-06-04 19:38:46
T000947,A00089,Withdrawal,1188.17,2024-02-21 21:06:57
T000948,A00100,Withdrawal,1676.18,2022-07-02 01:18:02
T000949,A00007,Deposit,4255.41,2023-05-22 20:38:49
T000950,A00133,Withdrawal,3671.42,2024-09-13 04:07:48
T000951,A00045,Withdrawal,567.46,2023-11-15 01:28:23
T000952,A00058,Withdrawal,2200.64,2025-02-06 19:29:30
T000953,A00031,Deposit,242.93,2025-05-07 03:57:15
T000954,A00023,Trade,2456.36,2022-06-09 19:34:56
T000955,A00138,Withdrawal,3345.93,2023-10-28 08:12:52
T000956,A00107,Deposit,680.66,2022-05-28 04:22:13
T000957,A00039,Deposit,1515.54,2025-03-11 23:55:31
T000958,A00082,Trade,2049.4,2023-12-31 10:24:14
T000959,A00100,Withdrawal,4605.7,2023-09-15 14:41:21
T000960,A00002,Withdrawal,4966.95,2022-11-03 09:21:43
T000961,A00077,Trade,320.07,2023-04-09 16:03:44
T000962,A00012,Trade,3828.94,2024-08-25 22:46:38
T000963,A00039,Deposit,1921.45,2023-05-30 21:23:35
T000964,A00013,Deposit,2023.05,2024-03-08 01:43:50
T000965,A00046,Trade,3795.9,2024-06-28 06:01:39
T000966,A00113,Withdrawal,4600.29,2022-08-26 22:54:42
T000967,A00017,Deposit,4759.55,2023-01-02 01:55:47
T000968,A00104,Deposit,2927.9,2023-08-03 14:30:14
T000969,A00098,Withdrawal,1849.89,2022-10-17 10:08:46
T000970,A00088,Deposit,3958.99,2022-08-02 02:34:55
T000971,A00109,Withdrawal,1329.91,2023-05-20 11:47:04
T000972,A00070,Withdrawal,2863.96,2024-08-10 07:53:23
T000973,A00074,Withdrawal,1857.03,2024-02-26 13:44:07
T000974,A00063,Trade,3317.49,2025-05-18 15:19:41
T000975,A00060,Trade,1277.95,2023-12-25 13:22:08
T000976,A00079,Trade,1038.81,2024-05-07 02:24:56
T000977,A00037,Withdrawal,4599.37,2022-10-04 19:15:11
T000978,A00022,Withdrawal,598.84,2024-11-13 02:33:36
T000979,A00148,Trade,2579.19,2022-10-21 09:13:50
T000980,A00096,Deposit,1182.18,2024-07-19 01:34:28
T000981,A00068,Withdrawal,290.76,2022-12-19 07:37:07
T000982,A00017,Deposit,276.49,2025-02-08 18:59:02
T000983,A00012,Deposit,958.59,2024-01-28 12:20:36
T000984,A00150,Withdrawal,4347.17,2022-09-19 03:44:39
T000985,A00145,Withdrawal,1484.15,2024-11-30 09:20:06
T000986,A00138,Deposit,4757.25,2024-10-23 23:45:10
T000987,A00118,Deposit,2949.95,2022-08-30 15:56:06
T000988,A00022,Trade,2239.41,2024-03-31 15:11:55
T000989,A00120,Trade,2942.44,2025-03-19 23:33:40
T000990,A00050,Withdrawal,2631.82,2022-12-14 23:01:11
T000991,A00014,Trade,3818.0,2023-05-28 17:21:06
T000992,A00029,Trade,1484.23,2023-08-22 00:19:55
T000993,A00125,Trade,1829.95,2023-07-05 08:18:32
T000994,A00007,Trade,4481.06,2023-09-27 06:14:42
T000995,A00029,Deposit,4737.64,2024-01-26 08:11:56
T000996,A00139,Withdrawal,4473.54,2025-05-18 10:48:20
T000997,A00033,Trade,2155.3,2023-10-14 17:24:06
T000998,A00134,Deposit,3923.79,2023-10-01 23:54:46
T000999,A00111,Deposit,2434.05,2024-04-28 05:53:52
T001000,A00079,Deposit,2537.95,2023-07-22 09:06:41
